
 --------------------
	clip_params: 2539567105

 --------------------
	lm3d_params: 32326080

 --------------------
	total_params: 2571893185 

Processing modelnet_c dataset.

cfg['positive']['shot_capacity']: 3 

n_cluster in KMeans: 3 

`alpha` for cache weights: 4.0 

`beta` for cache attention sharpness: 3.0 


Running dataset configurations:
{'positive': {'enabled': True, 'shot_capacity': 3, 'alpha': 4.0, 'beta': 3.0}, 'negative': {'enabled': True, 'shot_capacity': 2, 'alpha': 0.117, 'beta': 1.0, 'entropy_threshold': {'lower': 0.2, 'upper': 0.5}, 'mask_threshold': {'lower': 0.03, 'upper': 1.0}}} 

>>> classnames: ['airplane', 'bathtub', 'bed', 'bench', 'bookshelf', 'bottle', 'bowl', 'car', 'chair', 'cone', 'cup', 'curtain', 'desk', 'door', 'dresser', 'flower_pot', 'glass_box', 'guitar', 'keyboard', 'lamp', 'laptop', 'mantel', 'monitor', 'night_stand', 'person', 'piano', 'plant', 'radio', 'range_hood', 'sink', 'sofa', 'stairs', 'stool', 'table', 'tent', 'toilet', 'tv_stand', 'vase', 'wardrobe', 'xbox']
wandb: Tracking run with wandb version 0.26.1
wandb: W&B syncing is set to `offline` in this directory. Run `wandb online` or set WANDB_MODE=online to enable cloud syncing.
wandb: Run data is saved locally in /root/autodl-tmp/MCM-PC/Point-Cache/wandb/offline-run-20260511_152416-s2dm08ya
********** Building [global] and [local] pos. cache ... ********** 

********** Building [global] and [local] pos. cache is Done! ********** 

len(pos_cache): 40
len(pos_local_cache): 40
>>> [geom] disabled (bit-identical to bar3 hierarchical)
[sample-info] i=    0 ent=0.0362 pred= 10 target= 10 correct=1 gate=N/A
---- [hier] step 0 test acc: 100.00. ----

[sample-info] i=    1 ent=0.0003 pred= 17 target= 17 correct=1 gate=N/A
[sample-info] i=    2 ent=0.0972 pred= 21 target= 28 correct=0 gate=N/A
[sample-info] i=    3 ent=0.1108 pred=  6 target=  1 correct=0 gate=N/A
[sample-info] i=    4 ent=0.0001 pred= 17 target= 17 correct=1 gate=N/A
[sample-info] i=    5 ent=0.0867 pred=  4 target=  4 correct=1 gate=N/A
[sample-info] i=    6 ent=0.2148 pred= 16 target= 16 correct=1 gate=N/A
[sample-info] i=    7 ent=0.0273 pred= 22 target= 22 correct=1 gate=N/A
[sample-info] i=    8 ent=0.0042 pred=  2 target=  2 correct=1 gate=N/A
[sample-info] i=    9 ent=0.0564 pred=  4 target=  4 correct=1 gate=N/A
[sample-info] i=   10 ent=0.0005 pred=  5 target=  5 correct=1 gate=N/A
[sample-info] i=   11 ent=0.0278 pred= 36 target= 36 correct=1 gate=N/A
[sample-info] i=   12 ent=0.0767 pred= 28 target= 28 correct=1 gate=N/A
[sample-info] i=   13 ent=0.0028 pred= 22 target= 22 correct=1 gate=N/A
[sample-info] i=   14 ent=0.2289 pred= 11 target= 16 correct=0 gate=N/A
[sample-info] i=   15 ent=0.3831 pred= 39 target= 39 correct=1 gate=N/A
[sample-info] i=   16 ent=0.2163 pred= 21 target= 28 correct=0 gate=N/A
[sample-info] i=   17 ent=0.2944 pred= 28 target= 28 correct=1 gate=N/A
[sample-info] i=   18 ent=0.0144 pred= 28 target= 28 correct=1 gate=N/A
[sample-info] i=   19 ent=0.0003 pred=  0 target=  0 correct=1 gate=N/A
[sample-info] i=   20 ent=0.0079 pred= 30 target= 30 correct=1 gate=N/A
[sample-info] i=   21 ent=0.3152 pred= 12 target= 25 correct=0 gate=N/A
[sample-info] i=   22 ent=0.3342 pred=  7 target=  7 correct=1 gate=N/A
[sample-info] i=   23 ent=0.0124 pred=  4 target=  4 correct=1 gate=N/A
[sample-info] i=   24 ent=0.4082 pred= 18 target= 31 correct=0 gate=N/A
[sample-info] i=   25 ent=0.0903 pred= 14 target= 14 correct=1 gate=N/A
[sample-info] i=   26 ent=0.0224 pred=  1 target=  1 correct=1 gate=N/A
[sample-info] i=   27 ent=0.2477 pred=  5 target= 37 correct=0 gate=N/A
[sample-info] i=   28 ent=0.0554 pred= 12 target= 12 correct=1 gate=N/A
[sample-info] i=   29 ent=0.0718 pred= 37 target= 26 correct=0 gate=N/A
[sample-info] i=   30 ent=0.0356 pred= 28 target= 28 correct=1 gate=N/A
[sample-info] i=   31 ent=0.0690 pred=  4 target=  4 correct=1 gate=N/A
[sample-info] i=   32 ent=0.1202 pred= 16 target= 16 correct=1 gate=N/A
[sample-info] i=   33 ent=0.0321 pred= 29 target= 29 correct=1 gate=N/A
[sample-info] i=   34 ent=0.0632 pred= 30 target= 30 correct=1 gate=N/A
[sample-info] i=   35 ent=0.0950 pred=  4 target=  4 correct=1 gate=N/A
[sample-info] i=   36 ent=0.0031 pred=  5 target=  5 correct=1 gate=N/A
[sample-info] i=   37 ent=0.0343 pred=  4 target=  4 correct=1 gate=N/A
[sample-info] i=   38 ent=0.0060 pred= 22 target= 22 correct=1 gate=N/A
[sample-info] i=   39 ent=0.1011 pred= 14 target= 14 correct=1 gate=N/A
[sample-info] i=   40 ent=0.0001 pred= 25 target= 25 correct=1 gate=N/A
[sample-info] i=   41 ent=0.1865 pred= 10 target= 37 correct=0 gate=N/A
[sample-info] i=   42 ent=0.3215 pred= 28 target= 25 correct=0 gate=N/A
[sample-info] i=   43 ent=0.0530 pred= 23 target= 36 correct=0 gate=N/A
[sample-info] i=   44 ent=0.1295 pred= 36 target= 36 correct=1 gate=N/A
[sample-info] i=   45 ent=0.0014 pred=  7 target=  7 correct=1 gate=N/A
[sample-info] i=   46 ent=0.3147 pred= 12 target= 21 correct=0 gate=N/A
[sample-info] i=   47 ent=0.1635 pred= 38 target= 14 correct=0 gate=N/A
[sample-info] i=   48 ent=0.0001 pred=  0 target=  0 correct=1 gate=N/A
[sample-info] i=   49 ent=0.2355 pred= 12 target= 33 correct=0 gate=N/A
[sample-info] i=   50 ent=0.0074 pred=  7 target=  7 correct=1 gate=N/A
[sample-info] i=   51 ent=0.0003 pred= 25 target= 25 correct=1 gate=N/A
[sample-info] i=   52 ent=0.0001 pred= 25 target= 25 correct=1 gate=N/A
[sample-info] i=   53 ent=0.0057 pred=  4 target=  4 correct=1 gate=N/A
[sample-info] i=   54 ent=0.0001 pred=  5 target=  5 correct=1 gate=N/A
[sample-info] i=   55 ent=0.1240 pred= 21 target= 21 correct=1 gate=N/A
[sample-info] i=   56 ent=0.0547 pred= 30 target= 30 correct=1 gate=N/A
[sample-info] i=   57 ent=0.0269 pred= 29 target= 29 correct=1 gate=N/A
[sample-info] i=   58 ent=0.0995 pred=  8 target=  8 correct=1 gate=N/A
[sample-info] i=   59 ent=0.3682 pred=  8 target= 21 correct=0 gate=N/A
[sample-info] i=   60 ent=0.2727 pred= 16 target= 16 correct=1 gate=N/A
[sample-info] i=   61 ent=0.0002 pred=  0 target=  0 correct=1 gate=N/A
[sample-info] i=   62 ent=0.0030 pred= 18 target= 18 correct=1 gate=N/A
[sample-info] i=   63 ent=0.2303 pred= 36 target= 36 correct=1 gate=N/A
[sample-info] i=   64 ent=0.0158 pred=  6 target=  6 correct=1 gate=N/A
[sample-info] i=   65 ent=0.1775 pred= 16 target= 16 correct=1 gate=N/A
[sample-info] i=   66 ent=0.2986 pred= 14 target= 14 correct=1 gate=N/A
[sample-info] i=   67 ent=0.2837 pred= 38 target= 14 correct=0 gate=N/A
[sample-info] i=   68 ent=0.0085 pred= 37 target= 37 correct=1 gate=N/A
[sample-info] i=   69 ent=0.0001 pred= 27 target= 27 correct=1 gate=N/A
[sample-info] i=   70 ent=0.0768 pred= 25 target= 25 correct=1 gate=N/A
[sample-info] i=   71 ent=0.0329 pred=  6 target=  6 correct=1 gate=N/A
[sample-info] i=   72 ent=0.0009 pred=  0 target=  0 correct=1 gate=N/A
[sample-info] i=   73 ent=0.0095 pred= 22 target= 22 correct=1 gate=N/A
[sample-info] i=   74 ent=0.0002 pred=  5 target=  5 correct=1 gate=N/A
[sample-info] i=   75 ent=0.0092 pred=  2 target=  2 correct=1 gate=N/A
[sample-info] i=   76 ent=0.1131 pred=  7 target=  7 correct=1 gate=N/A
[sample-info] i=   77 ent=0.0015 pred= 25 target= 25 correct=1 gate=N/A
[sample-info] i=   78 ent=0.0002 pred=  0 target=  0 correct=1 gate=N/A
[sample-info] i=   79 ent=0.1105 pred= 26 target= 26 correct=1 gate=N/A
[sample-info] i=   80 ent=0.0093 pred=  8 target=  8 correct=1 gate=N/A
[sample-info] i=   81 ent=0.1376 pred= 16 target= 16 correct=1 gate=N/A
[sample-info] i=   82 ent=0.0461 pred= 37 target= 37 correct=1 gate=N/A
[sample-info] i=   83 ent=0.0886 pred= 12 target= 12 correct=1 gate=N/A
[sample-info] i=   84 ent=0.1987 pred=  3 target=  8 correct=0 gate=N/A
[sample-info] i=   85 ent=0.0341 pred= 28 target= 28 correct=1 gate=N/A
[sample-info] i=   86 ent=0.0002 pred= 27 target= 27 correct=1 gate=N/A
[sample-info] i=   87 ent=0.1854 pred= 12 target= 33 correct=0 gate=N/A
[sample-info] i=   88 ent=0.1624 pred= 38 target= 14 correct=0 gate=N/A
[sample-info] i=   89 ent=0.2064 pred= 38 target= 23 correct=0 gate=N/A
[sample-info] i=   90 ent=0.0053 pred= 30 target= 30 correct=1 gate=N/A
[sample-info] i=   91 ent=0.0269 pred= 37 target= 37 correct=1 gate=N/A
[sample-info] i=   92 ent=0.0892 pred= 30 target= 30 correct=1 gate=N/A
[sample-info] i=   93 ent=0.1766 pred= 28 target= 28 correct=1 gate=N/A
[sample-info] i=   94 ent=0.1516 pred= 30 target= 30 correct=1 gate=N/A
[sample-info] i=   95 ent=0.0310 pred=  8 target=  8 correct=1 gate=N/A
[sample-info] i=   96 ent=0.2715 pred= 16 target= 16 correct=1 gate=N/A
[sample-info] i=   97 ent=0.0138 pred= 28 target= 28 correct=1 gate=N/A
[sample-info] i=   98 ent=0.0024 pred=  5 target=  5 correct=1 gate=N/A
[sample-info] i=   99 ent=0.0011 pred= 13 target= 13 correct=1 gate=N/A
[sample-info] i=  100 ent=0.1108 pred= 38 target= 14 correct=0 gate=N/A
[sample-info] i=  101 ent=0.0979 pred=  7 target=  7 correct=1 gate=N/A
[sample-info] i=  102 ent=0.0012 pred= 22 target= 22 correct=1 gate=N/A
[sample-info] i=  103 ent=0.0000 pred=  0 target=  0 correct=1 gate=N/A
[sample-info] i=  104 ent=0.1067 pred= 25 target= 25 correct=1 gate=N/A
[sample-info] i=  105 ent=0.0079 pred= 25 target= 25 correct=1 gate=N/A
[sample-info] i=  106 ent=0.0063 pred= 22 target= 22 correct=1 gate=N/A
[sample-info] i=  107 ent=0.0063 pred=  1 target=  1 correct=1 gate=N/A
[sample-info] i=  108 ent=0.0714 pred= 35 target= 35 correct=1 gate=N/A
[sample-info] i=  109 ent=0.0008 pred= 17 target= 17 correct=1 gate=N/A
[sample-info] i=  110 ent=0.2732 pred= 14 target= 14 correct=1 gate=N/A
[sample-info] i=  111 ent=0.1194 pred= 23 target= 14 correct=0 gate=N/A
[sample-info] i=  112 ent=0.1093 pred=  4 target=  4 correct=1 gate=N/A
[sample-info] i=  113 ent=0.0009 pred=  5 target=  5 correct=1 gate=N/A
[sample-info] i=  114 ent=0.0270 pred=  4 target=  4 correct=1 gate=N/A
[sample-info] i=  115 ent=0.1147 pred= 33 target= 33 correct=1 gate=N/A
[sample-info] i=  116 ent=0.1368 pred= 16 target= 16 correct=1 gate=N/A
[sample-info] i=  117 ent=0.0200 pred= 37 target= 37 correct=1 gate=N/A
[sample-info] i=  118 ent=0.0108 pred= 26 target= 26 correct=1 gate=N/A
[sample-info] i=  119 ent=0.0005 pred=  5 target=  5 correct=1 gate=N/A
[sample-info] i=  120 ent=0.0619 pred= 29 target= 29 correct=1 gate=N/A
[sample-info] i=  121 ent=0.0494 pred= 12 target= 12 correct=1 gate=N/A
[sample-info] i=  122 ent=0.1279 pred= 38 target= 23 correct=0 gate=N/A
[sample-info] i=  123 ent=0.2045 pred= 38 target=  4 correct=0 gate=N/A
[sample-info] i=  124 ent=0.0425 pred= 17 target= 17 correct=1 gate=N/A
[sample-info] i=  125 ent=0.0054 pred= 33 target= 33 correct=1 gate=N/A
[sample-info] i=  126 ent=0.0075 pred= 35 target= 35 correct=1 gate=N/A
[sample-info] i=  127 ent=0.1609 pred=  3 target=  8 correct=0 gate=N/A
[sample-info] i=  128 ent=0.0183 pred= 17 target= 17 correct=1 gate=N/A
[sample-info] i=  129 ent=0.0088 pred= 37 target= 37 correct=1 gate=N/A
[sample-info] i=  130 ent=0.0040 pred=  7 target=  7 correct=1 gate=N/A
[sample-info] i=  131 ent=0.3491 pred= 23 target= 23 correct=1 gate=N/A
[sample-info] i=  132 ent=0.2939 pred= 38 target= 21 correct=0 gate=N/A
[sample-info] i=  133 ent=0.2781 pred=  2 target=  2 correct=1 gate=N/A
[sample-info] i=  134 ent=0.1354 pred= 12 target= 12 correct=1 gate=N/A
[sample-info] i=  135 ent=0.2264 pred= 36 target= 36 correct=1 gate=N/A
[sample-info] i=  136 ent=0.0980 pred=  4 target=  4 correct=1 gate=N/A
[sample-info] i=  137 ent=0.2568 pred= 23 target= 23 correct=1 gate=N/A
[sample-info] i=  138 ent=0.0383 pred= 23 target= 23 correct=1 gate=N/A
[sample-info] i=  139 ent=0.0629 pred= 22 target= 22 correct=1 gate=N/A
[sample-info] i=  140 ent=0.0130 pred=  6 target=  6 correct=1 gate=N/A
[sample-info] i=  141 ent=0.4070 pred= 23 target= 36 correct=0 gate=N/A
[sample-info] i=  142 ent=0.0004 pred=  0 target=  0 correct=1 gate=N/A
[sample-info] i=  143 ent=0.2859 pred= 28 target= 21 correct=0 gate=N/A
[sample-info] i=  144 ent=0.0013 pred=  8 target=  8 correct=1 gate=N/A
[sample-info] i=  145 ent=0.0002 pred= 17 target= 17 correct=1 gate=N/A
[sample-info] i=  146 ent=0.0093 pred=  7 target=  7 correct=1 gate=N/A
[sample-info] i=  147 ent=0.0012 pred= 35 target= 35 correct=1 gate=N/A
[sample-info] i=  148 ent=0.0030 pred= 25 target= 25 correct=1 gate=N/A
[sample-info] i=  149 ent=0.0155 pred=  1 target=  1 correct=1 gate=N/A
[sample-info] i=  150 ent=0.0005 pred= 25 target= 25 correct=1 gate=N/A
[sample-info] i=  151 ent=0.1709 pred= 17 target= 17 correct=1 gate=N/A
[sample-info] i=  152 ent=0.1442 pred= 36 target= 36 correct=1 gate=N/A
[sample-info] i=  153 ent=0.0002 pred=  5 target=  5 correct=1 gate=N/A
[sample-info] i=  154 ent=0.0591 pred= 33 target= 33 correct=1 gate=N/A
[sample-info] i=  155 ent=0.0340 pred=  8 target=  8 correct=1 gate=N/A
[sample-info] i=  156 ent=0.0004 pred= 25 target= 25 correct=1 gate=N/A
[sample-info] i=  157 ent=0.0141 pred=  3 target=  3 correct=1 gate=N/A
[sample-info] i=  158 ent=0.0762 pred= 28 target= 28 correct=1 gate=N/A
[sample-info] i=  159 ent=0.1777 pred= 33 target= 33 correct=1 gate=N/A
[sample-info] i=  160 ent=0.0196 pred= 26 target= 26 correct=1 gate=N/A
[sample-info] i=  161 ent=0.1669 pred=  1 target=  1 correct=1 gate=N/A
[sample-info] i=  162 ent=0.0149 pred=  2 target=  2 correct=1 gate=N/A
[sample-info] i=  163 ent=0.0037 pred=  5 target=  5 correct=1 gate=N/A
[sample-info] i=  164 ent=0.0111 pred= 22 target= 22 correct=1 gate=N/A
[sample-info] i=  165 ent=0.0841 pred=  8 target=  8 correct=1 gate=N/A
[sample-info] i=  166 ent=0.0505 pred=  7 target=  7 correct=1 gate=N/A
[sample-info] i=  167 ent=0.0002 pred=  0 target=  0 correct=1 gate=N/A
[sample-info] i=  168 ent=0.1283 pred= 22 target= 22 correct=1 gate=N/A
[sample-info] i=  169 ent=0.0027 pred= 30 target= 30 correct=1 gate=N/A
[sample-info] i=  170 ent=0.4509 pred= 38 target= 38 correct=1 gate=N/A
[sample-info] i=  171 ent=0.0000 pred=  9 target=  9 correct=1 gate=N/A
[sample-info] i=  172 ent=0.0087 pred=  4 target=  4 correct=1 gate=N/A
[sample-info] i=  173 ent=0.0668 pred= 33 target= 33 correct=1 gate=N/A
[sample-info] i=  174 ent=0.0293 pred= 19 target= 19 correct=1 gate=N/A
[sample-info] i=  175 ent=0.0038 pred= 22 target= 22 correct=1 gate=N/A
[sample-info] i=  176 ent=0.0073 pred= 35 target= 35 correct=1 gate=N/A
[sample-info] i=  177 ent=0.0054 pred= 26 target= 26 correct=1 gate=N/A
[sample-info] i=  178 ent=0.0001 pred=  0 target=  0 correct=1 gate=N/A
[sample-info] i=  179 ent=0.4404 pred= 34 target= 34 correct=1 gate=N/A
[sample-info] i=  180 ent=0.0001 pred= 17 target= 17 correct=1 gate=N/A
[sample-info] i=  181 ent=0.0014 pred= 30 target= 30 correct=1 gate=N/A
[sample-info] i=  182 ent=0.2418 pred= 23 target= 21 correct=0 gate=N/A
[sample-info] i=  183 ent=0.0096 pred=  4 target=  4 correct=1 gate=N/A
[sample-info] i=  184 ent=0.1443 pred= 28 target= 21 correct=0 gate=N/A
[sample-info] i=  185 ent=0.4858 pred=  2 target= 22 correct=0 gate=N/A
[sample-info] i=  186 ent=0.3457 pred= 36 target= 21 correct=0 gate=N/A
[sample-info] i=  187 ent=0.3428 pred= 28 target= 21 correct=0 gate=N/A
[sample-info] i=  188 ent=0.0490 pred= 33 target= 33 correct=1 gate=N/A
[sample-info] i=  189 ent=0.0018 pred= 22 target= 22 correct=1 gate=N/A
[sample-info] i=  190 ent=0.0024 pred=  7 target=  7 correct=1 gate=N/A
[sample-info] i=  191 ent=0.0813 pred= 37 target= 37 correct=1 gate=N/A
[sample-info] i=  192 ent=0.2362 pred= 16 target= 16 correct=1 gate=N/A
[sample-info] i=  193 ent=0.1683 pred= 23 target= 23 correct=1 gate=N/A
[sample-info] i=  194 ent=0.1361 pred= 12 target= 12 correct=1 gate=N/A
[sample-info] i=  195 ent=0.5049 pred= 18 target= 18 correct=1 gate=N/A
[sample-info] i=  196 ent=0.2203 pred= 32 target=  8 correct=0 gate=N/A
[sample-info] i=  197 ent=0.0002 pred=  0 target=  0 correct=1 gate=N/A
[sample-info] i=  198 ent=0.1121 pred= 38 target= 16 correct=0 gate=N/A
[sample-info] i=  199 ent=0.1827 pred=  6 target=  3 correct=0 gate=N/A
[sample-info] i=  200 ent=0.1375 pred= 23 target= 12 correct=0 gate=N/A
[sample-info] i=  201 ent=0.2155 pred=  3 target= 33 correct=0 gate=N/A
[sample-info] i=  202 ent=0.0856 pred= 14 target= 38 correct=0 gate=N/A
[sample-info] i=  203 ent=0.0038 pred=  6 target=  6 correct=1 gate=N/A
[sample-info] i=  204 ent=0.0013 pred= 17 target= 17 correct=1 gate=N/A
[sample-info] i=  205 ent=0.0003 pred=  0 target=  0 correct=1 gate=N/A
[sample-info] i=  206 ent=0.0022 pred= 22 target= 22 correct=1 gate=N/A
[sample-info] i=  207 ent=0.0227 pred= 38 target= 16 correct=0 gate=N/A
[sample-info] i=  208 ent=0.0036 pred=  9 target=  9 correct=1 gate=N/A
[sample-info] i=  209 ent=0.0013 pred= 30 target= 30 correct=1 gate=N/A
[sample-info] i=  210 ent=0.0388 pred= 26 target= 15 correct=0 gate=N/A
[sample-info] i=  211 ent=0.0369 pred= 28 target= 28 correct=1 gate=N/A
[sample-info] i=  212 ent=0.1333 pred= 33 target= 33 correct=1 gate=N/A
[sample-info] i=  213 ent=0.0044 pred=  4 target=  4 correct=1 gate=N/A
[sample-info] i=  214 ent=0.0891 pred= 12 target= 23 correct=0 gate=N/A
[sample-info] i=  215 ent=0.0071 pred=  8 target=  8 correct=1 gate=N/A
[sample-info] i=  216 ent=0.0954 pred= 23 target= 23 correct=1 gate=N/A
[sample-info] i=  217 ent=0.1421 pred= 23 target= 23 correct=1 gate=N/A
[sample-info] i=  218 ent=0.0003 pred= 18 target= 18 correct=1 gate=N/A
[sample-info] i=  219 ent=0.2074 pred= 28 target= 28 correct=1 gate=N/A
[sample-info] i=  220 ent=0.0036 pred= 30 target= 30 correct=1 gate=N/A
[sample-info] i=  221 ent=0.0759 pred= 23 target= 14 correct=0 gate=N/A
[sample-info] i=  222 ent=0.1393 pred= 33 target= 33 correct=1 gate=N/A
[sample-info] i=  223 ent=0.0376 pred=  1 target=  1 correct=1 gate=N/A
[sample-info] i=  224 ent=0.2686 pred= 23 target= 21 correct=0 gate=N/A
[sample-info] i=  225 ent=0.0005 pred=  9 target=  9 correct=1 gate=N/A
[sample-info] i=  226 ent=0.2052 pred=  4 target= 12 correct=0 gate=N/A
[sample-info] i=  227 ent=0.1357 pred= 34 target= 34 correct=1 gate=N/A
[sample-info] i=  228 ent=0.1901 pred=  3 target= 33 correct=0 gate=N/A
[sample-info] i=  229 ent=0.1049 pred= 13 target= 13 correct=1 gate=N/A
[sample-info] i=  230 ent=0.0013 pred=  7 target=  7 correct=1 gate=N/A
[sample-info] i=  231 ent=0.0667 pred= 16 target= 16 correct=1 gate=N/A
[sample-info] i=  232 ent=0.0001 pred= 17 target= 17 correct=1 gate=N/A
[sample-info] i=  233 ent=0.0410 pred= 36 target= 36 correct=1 gate=N/A
[sample-info] i=  234 ent=0.1498 pred=  8 target=  8 correct=1 gate=N/A
[sample-info] i=  235 ent=0.0483 pred= 12 target= 12 correct=1 gate=N/A
[sample-info] i=  236 ent=0.1847 pred= 38 target=  4 correct=0 gate=N/A
[sample-info] i=  237 ent=0.1527 pred= 16 target= 16 correct=1 gate=N/A
[sample-info] i=  238 ent=0.1455 pred=  6 target=  6 correct=1 gate=N/A
[sample-info] i=  239 ent=0.0012 pred= 11 target= 11 correct=1 gate=N/A
[sample-info] i=  240 ent=0.0355 pred= 23 target= 23 correct=1 gate=N/A
[sample-info] i=  241 ent=0.0032 pred=  2 target=  2 correct=1 gate=N/A
[sample-info] i=  242 ent=0.1288 pred= 15 target= 26 correct=0 gate=N/A
[sample-info] i=  243 ent=0.1194 pred= 14 target= 14 correct=1 gate=N/A
[sample-info] i=  244 ent=0.0002 pred=  5 target=  5 correct=1 gate=N/A
[sample-info] i=  245 ent=0.0000 pred= 17 target= 17 correct=1 gate=N/A
[sample-info] i=  246 ent=0.0001 pred=  9 target=  9 correct=1 gate=N/A
[sample-info] i=  247 ent=0.0096 pred= 30 target= 30 correct=1 gate=N/A
[sample-info] i=  248 ent=0.0224 pred= 24 target= 24 correct=1 gate=N/A
[sample-info] i=  249 ent=0.0015 pred=  2 target=  2 correct=1 gate=N/A
[sample-info] i=  250 ent=0.0004 pred= 17 target= 17 correct=1 gate=N/A
[sample-info] i=  251 ent=0.0021 pred=  5 target=  5 correct=1 gate=N/A
[sample-info] i=  252 ent=0.0200 pred=  5 target=  5 correct=1 gate=N/A
[sample-info] i=  253 ent=0.1757 pred= 33 target= 33 correct=1 gate=N/A
[sample-info] i=  254 ent=0.3916 pred= 13 target= 23 correct=0 gate=N/A
[sample-info] i=  255 ent=0.0106 pred= 30 target= 30 correct=1 gate=N/A
[sample-info] i=  256 ent=0.2537 pred=  4 target=  4 correct=1 gate=N/A
[sample-info] i=  257 ent=0.0863 pred= 12 target= 12 correct=1 gate=N/A
[sample-info] i=  258 ent=0.0001 pred=  0 target=  0 correct=1 gate=N/A
[sample-info] i=  259 ent=0.1465 pred= 22 target= 22 correct=1 gate=N/A
[sample-info] i=  260 ent=0.0207 pred=  8 target=  8 correct=1 gate=N/A
[sample-info] i=  261 ent=0.1733 pred= 10 target= 37 correct=0 gate=N/A
[sample-info] i=  262 ent=0.0591 pred=  4 target=  4 correct=1 gate=N/A
[sample-info] i=  263 ent=0.0131 pred=  2 target=  2 correct=1 gate=N/A
[sample-info] i=  264 ent=0.0887 pred=  4 target=  4 correct=1 gate=N/A
[sample-info] i=  265 ent=0.0912 pred= 23 target= 23 correct=1 gate=N/A
[sample-info] i=  266 ent=0.1165 pred= 33 target= 33 correct=1 gate=N/A
[sample-info] i=  267 ent=0.1564 pred= 23 target= 23 correct=1 gate=N/A
[sample-info] i=  268 ent=0.4333 pred= 16 target= 33 correct=0 gate=N/A
[sample-info] i=  269 ent=0.0003 pred=  5 target=  5 correct=1 gate=N/A
[sample-info] i=  270 ent=0.0670 pred= 37 target= 37 correct=1 gate=N/A
[sample-info] i=  271 ent=0.0012 pred=  2 target=  2 correct=1 gate=N/A
[sample-info] i=  272 ent=0.0036 pred= 22 target= 22 correct=1 gate=N/A
[sample-info] i=  273 ent=0.0050 pred=  6 target=  6 correct=1 gate=N/A
[sample-info] i=  274 ent=0.0955 pred=  8 target=  8 correct=1 gate=N/A
[sample-info] i=  275 ent=0.0049 pred= 26 target= 26 correct=1 gate=N/A
[sample-info] i=  276 ent=0.2063 pred=  3 target= 21 correct=0 gate=N/A
[sample-info] i=  277 ent=0.0638 pred=  1 target=  1 correct=1 gate=N/A
[sample-info] i=  278 ent=0.0594 pred= 37 target= 37 correct=1 gate=N/A
[sample-info] i=  279 ent=0.4731 pred= 16 target= 16 correct=1 gate=N/A
[sample-info] i=  280 ent=0.1627 pred= 23 target= 14 correct=0 gate=N/A
[sample-info] i=  281 ent=0.1697 pred= 16 target= 16 correct=1 gate=N/A
[sample-info] i=  282 ent=0.0064 pred=  2 target=  2 correct=1 gate=N/A
[sample-info] i=  283 ent=0.0520 pred= 39 target=  2 correct=0 gate=N/A
[sample-info] i=  284 ent=0.0034 pred= 17 target= 17 correct=1 gate=N/A
[sample-info] i=  285 ent=0.0012 pred= 25 target= 25 correct=1 gate=N/A
[sample-info] i=  286 ent=0.0002 pred=  7 target=  7 correct=1 gate=N/A
[sample-info] i=  287 ent=0.2334 pred= 14 target= 36 correct=0 gate=N/A
[sample-info] i=  288 ent=0.0709 pred= 14 target= 14 correct=1 gate=N/A
[sample-info] i=  289 ent=0.0003 pred= 22 target= 22 correct=1 gate=N/A
[sample-info] i=  290 ent=0.0537 pred= 17 target= 17 correct=1 gate=N/A
[sample-info] i=  291 ent=0.0003 pred=  0 target=  0 correct=1 gate=N/A
[sample-info] i=  292 ent=0.0032 pred= 25 target= 25 correct=1 gate=N/A
[sample-info] i=  293 ent=0.4060 pred= 11 target= 24 correct=0 gate=N/A
[sample-info] i=  294 ent=0.2272 pred= 10 target= 37 correct=0 gate=N/A
[sample-info] i=  295 ent=0.0107 pred=  3 target=  3 correct=1 gate=N/A
[sample-info] i=  296 ent=0.1921 pred= 23 target= 14 correct=0 gate=N/A
[sample-info] i=  297 ent=0.0028 pred=  7 target=  7 correct=1 gate=N/A
[sample-info] i=  298 ent=0.0018 pred= 27 target= 23 correct=0 gate=N/A
[sample-info] i=  299 ent=0.0087 pred=  4 target=  4 correct=1 gate=N/A
[sample-info] i=  300 ent=0.1562 pred= 14 target= 36 correct=0 gate=N/A
[sample-info] i=  301 ent=0.3010 pred= 23 target= 21 correct=0 gate=N/A
[sample-info] i=  302 ent=0.0641 pred= 23 target= 23 correct=1 gate=N/A
[sample-info] i=  303 ent=0.0072 pred= 25 target= 25 correct=1 gate=N/A
[sample-info] i=  304 ent=0.0007 pred=  7 target=  7 correct=1 gate=N/A
[sample-info] i=  305 ent=0.3269 pred= 39 target= 39 correct=1 gate=N/A
[sample-info] i=  306 ent=0.0009 pred=  9 target=  9 correct=1 gate=N/A
[sample-info] i=  307 ent=0.1639 pred= 33 target= 33 correct=1 gate=N/A
[sample-info] i=  308 ent=0.0072 pred= 22 target= 22 correct=1 gate=N/A
[sample-info] i=  309 ent=0.2114 pred= 19 target= 19 correct=1 gate=N/A
[sample-info] i=  310 ent=0.0010 pred= 27 target= 27 correct=1 gate=N/A
[sample-info] i=  311 ent=0.0075 pred= 24 target= 24 correct=1 gate=N/A
[sample-info] i=  312 ent=0.2491 pred= 21 target= 21 correct=1 gate=N/A
[sample-info] i=  313 ent=0.0733 pred= 32 target= 32 correct=1 gate=N/A
[sample-info] i=  314 ent=0.2174 pred= 13 target=  4 correct=0 gate=N/A
[sample-info] i=  315 ent=0.0199 pred= 36 target= 36 correct=1 gate=N/A
[sample-info] i=  316 ent=0.2458 pred= 28 target= 21 correct=0 gate=N/A
[sample-info] i=  317 ent=0.0043 pred=  2 target=  2 correct=1 gate=N/A
[sample-info] i=  318 ent=0.2009 pred= 29 target=  1 correct=0 gate=N/A
[sample-info] i=  319 ent=0.0417 pred= 25 target= 25 correct=1 gate=N/A
[sample-info] i=  320 ent=0.0756 pred= 33 target= 32 correct=0 gate=N/A
[sample-info] i=  321 ent=0.1010 pred= 16 target= 16 correct=1 gate=N/A
[sample-info] i=  322 ent=0.1722 pred= 18 target= 18 correct=1 gate=N/A
[sample-info] i=  323 ent=0.1980 pred= 37 target= 37 correct=1 gate=N/A
[sample-info] i=  324 ent=0.1172 pred= 27 target= 39 correct=0 gate=N/A
[sample-info] i=  325 ent=0.2404 pred= 36 target= 36 correct=1 gate=N/A
[sample-info] i=  326 ent=0.0189 pred= 36 target= 36 correct=1 gate=N/A
[sample-info] i=  327 ent=0.2925 pred= 16 target= 16 correct=1 gate=N/A
[sample-info] i=  328 ent=0.0428 pred= 28 target= 28 correct=1 gate=N/A
[sample-info] i=  329 ent=0.0012 pred= 30 target= 30 correct=1 gate=N/A
[sample-info] i=  330 ent=0.0015 pred= 26 target= 26 correct=1 gate=N/A
[sample-info] i=  331 ent=0.0602 pred= 18 target= 18 correct=1 gate=N/A
[sample-info] i=  332 ent=0.0055 pred=  4 target=  4 correct=1 gate=N/A
[sample-info] i=  333 ent=0.0001 pred=  0 target=  0 correct=1 gate=N/A
[sample-info] i=  334 ent=0.0003 pred=  5 target=  5 correct=1 gate=N/A
[sample-info] i=  335 ent=0.0457 pred= 15 target= 15 correct=1 gate=N/A
[sample-info] i=  336 ent=0.0559 pred=  8 target=  8 correct=1 gate=N/A
[sample-info] i=  337 ent=0.0066 pred= 20 target= 20 correct=1 gate=N/A
[sample-info] i=  338 ent=0.1606 pred= 14 target= 36 correct=0 gate=N/A
[sample-info] i=  339 ent=0.2111 pred=  6 target= 37 correct=0 gate=N/A
[sample-info] i=  340 ent=0.0479 pred=  8 target=  8 correct=1 gate=N/A
[sample-info] i=  341 ent=0.1892 pred= 16 target= 21 correct=0 gate=N/A
[sample-info] i=  342 ent=0.2781 pred=  4 target= 12 correct=0 gate=N/A
[sample-info] i=  343 ent=0.0157 pred=  8 target=  8 correct=1 gate=N/A
[sample-info] i=  344 ent=0.0798 pred=  2 target=  2 correct=1 gate=N/A
[sample-info] i=  345 ent=0.0001 pred=  0 target=  0 correct=1 gate=N/A
[sample-info] i=  346 ent=0.1548 pred=  2 target=  2 correct=1 gate=N/A
[sample-info] i=  347 ent=0.3464 pred= 27 target= 21 correct=0 gate=N/A
[sample-info] i=  348 ent=0.0004 pred= 17 target= 17 correct=1 gate=N/A
[sample-info] i=  349 ent=0.0228 pred= 37 target= 37 correct=1 gate=N/A
[sample-info] i=  350 ent=0.1750 pred= 21 target= 21 correct=1 gate=N/A
[sample-info] i=  351 ent=0.0019 pred= 17 target= 17 correct=1 gate=N/A
[sample-info] i=  352 ent=0.2981 pred= 12 target= 33 correct=0 gate=N/A
[sample-info] i=  353 ent=0.3589 pred= 39 target= 39 correct=1 gate=N/A
[sample-info] i=  354 ent=0.0521 pred= 14 target= 38 correct=0 gate=N/A
[sample-info] i=  355 ent=0.0126 pred= 30 target= 30 correct=1 gate=N/A
[sample-info] i=  356 ent=0.0257 pred=  4 target=  4 correct=1 gate=N/A
[sample-info] i=  357 ent=0.0447 pred=  8 target=  8 correct=1 gate=N/A
[sample-info] i=  358 ent=0.0108 pred= 19 target= 19 correct=1 gate=N/A
[sample-info] i=  359 ent=0.1261 pred= 33 target= 12 correct=0 gate=N/A
[sample-info] i=  360 ent=0.1750 pred= 16 target= 16 correct=1 gate=N/A
[sample-info] i=  361 ent=0.1764 pred=  5 target=  5 correct=1 gate=N/A
[sample-info] i=  362 ent=0.0040 pred=  2 target=  2 correct=1 gate=N/A
[sample-info] i=  363 ent=0.0034 pred= 34 target= 34 correct=1 gate=N/A
[sample-info] i=  364 ent=0.2301 pred= 18 target= 25 correct=0 gate=N/A
[sample-info] i=  365 ent=0.2910 pred= 36 target= 36 correct=1 gate=N/A
[sample-info] i=  366 ent=0.1738 pred= 16 target= 16 correct=1 gate=N/A
[sample-info] i=  367 ent=0.0032 pred= 11 target= 13 correct=0 gate=N/A
[sample-info] i=  368 ent=0.1428 pred= 33 target= 33 correct=1 gate=N/A
[sample-info] i=  369 ent=0.1560 pred= 33 target= 33 correct=1 gate=N/A
[sample-info] i=  370 ent=0.2817 pred= 16 target= 16 correct=1 gate=N/A
[sample-info] i=  371 ent=0.0121 pred= 30 target= 30 correct=1 gate=N/A
[sample-info] i=  372 ent=0.1857 pred= 23 target= 23 correct=1 gate=N/A
[sample-info] i=  373 ent=0.0074 pred= 35 target= 35 correct=1 gate=N/A
[sample-info] i=  374 ent=0.0008 pred=  7 target=  7 correct=1 gate=N/A
[sample-info] i=  375 ent=0.2156 pred=  4 target= 12 correct=0 gate=N/A
[sample-info] i=  376 ent=0.0336 pred=  5 target=  5 correct=1 gate=N/A
[sample-info] i=  377 ent=0.1793 pred= 10 target= 37 correct=0 gate=N/A
[sample-info] i=  378 ent=0.1793 pred= 16 target= 16 correct=1 gate=N/A
[sample-info] i=  379 ent=0.0086 pred= 30 target= 30 correct=1 gate=N/A
[sample-info] i=  380 ent=0.1768 pred= 16 target= 16 correct=1 gate=N/A
[sample-info] i=  381 ent=0.1422 pred=  2 target= 30 correct=0 gate=N/A
[sample-info] i=  382 ent=0.0969 pred= 12 target= 33 correct=0 gate=N/A
[sample-info] i=  383 ent=0.0470 pred=  8 target=  8 correct=1 gate=N/A
[sample-info] i=  384 ent=0.1304 pred= 15 target= 15 correct=1 gate=N/A
[sample-info] i=  385 ent=0.0017 pred= 19 target= 19 correct=1 gate=N/A
[sample-info] i=  386 ent=0.0623 pred= 23 target= 36 correct=0 gate=N/A
[sample-info] i=  387 ent=0.0055 pred= 35 target= 35 correct=1 gate=N/A
[sample-info] i=  388 ent=0.0015 pred= 22 target= 22 correct=1 gate=N/A
[sample-info] i=  389 ent=0.0001 pred= 13 target= 13 correct=1 gate=N/A
[sample-info] i=  390 ent=0.0180 pred=  8 target=  8 correct=1 gate=N/A
[sample-info] i=  391 ent=0.0028 pred= 35 target= 35 correct=1 gate=N/A
[sample-info] i=  392 ent=0.0023 pred= 26 target= 26 correct=1 gate=N/A
[sample-info] i=  393 ent=0.0001 pred= 17 target= 17 correct=1 gate=N/A
[sample-info] i=  394 ent=0.1405 pred=  4 target=  4 correct=1 gate=N/A
[sample-info] i=  395 ent=0.0100 pred= 24 target= 24 correct=1 gate=N/A
[sample-info] i=  396 ent=0.0076 pred= 30 target= 30 correct=1 gate=N/A
[sample-info] i=  397 ent=0.0009 pred= 34 target= 34 correct=1 gate=N/A
[sample-info] i=  398 ent=0.0462 pred= 14 target= 14 correct=1 gate=N/A
[sample-info] i=  399 ent=0.1214 pred= 14 target= 14 correct=1 gate=N/A
[sample-info] i=  400 ent=0.0012 pred= 22 target= 22 correct=1 gate=N/A
[sample-info] i=  401 ent=0.1962 pred= 12 target= 12 correct=1 gate=N/A
[sample-info] i=  402 ent=0.0087 pred= 24 target= 24 correct=1 gate=N/A
[sample-info] i=  403 ent=0.1287 pred= 34 target= 34 correct=1 gate=N/A
[sample-info] i=  404 ent=0.0923 pred= 30 target= 30 correct=1 gate=N/A
[sample-info] i=  405 ent=0.2678 pred= 16 target= 16 correct=1 gate=N/A
[sample-info] i=  406 ent=0.1490 pred= 37 target= 37 correct=1 gate=N/A
[sample-info] i=  407 ent=0.0000 pred=  9 target=  9 correct=1 gate=N/A
[sample-info] i=  408 ent=0.0052 pred= 22 target= 22 correct=1 gate=N/A
[sample-info] i=  409 ent=0.0491 pred=  8 target=  8 correct=1 gate=N/A
[sample-info] i=  410 ent=0.0063 pred= 26 target= 26 correct=1 gate=N/A
[sample-info] i=  411 ent=0.3589 pred= 16 target= 16 correct=1 gate=N/A
[sample-info] i=  412 ent=0.0948 pred= 15 target= 26 correct=0 gate=N/A
[sample-info] i=  413 ent=0.1017 pred= 14 target= 23 correct=0 gate=N/A
[sample-info] i=  414 ent=0.0021 pred=  5 target=  5 correct=1 gate=N/A
[sample-info] i=  415 ent=0.0002 pred=  0 target=  0 correct=1 gate=N/A
[sample-info] i=  416 ent=0.1893 pred= 28 target= 28 correct=1 gate=N/A
[sample-info] i=  417 ent=0.0221 pred=  4 target=  4 correct=1 gate=N/A
[sample-info] i=  418 ent=0.0061 pred= 35 target= 35 correct=1 gate=N/A
[sample-info] i=  419 ent=0.1143 pred= 33 target= 33 correct=1 gate=N/A
[sample-info] i=  420 ent=0.1343 pred=  4 target=  4 correct=1 gate=N/A
[sample-info] i=  421 ent=0.1109 pred=  5 target= 39 correct=0 gate=N/A
[sample-info] i=  422 ent=0.0185 pred= 22 target= 22 correct=1 gate=N/A
[sample-info] i=  423 ent=0.0029 pred=  7 target=  7 correct=1 gate=N/A
[sample-info] i=  424 ent=0.0267 pred= 23 target= 12 correct=0 gate=N/A
[sample-info] i=  425 ent=0.1711 pred= 12 target= 33 correct=0 gate=N/A
[sample-info] i=  426 ent=0.0349 pred= 37 target= 37 correct=1 gate=N/A
[sample-info] i=  427 ent=0.0003 pred=  0 target=  0 correct=1 gate=N/A
[sample-info] i=  428 ent=0.3003 pred= 10 target= 37 correct=0 gate=N/A
[sample-info] i=  429 ent=0.1024 pred=  8 target= 32 correct=0 gate=N/A
[sample-info] i=  430 ent=0.0566 pred= 30 target= 30 correct=1 gate=N/A
[sample-info] i=  431 ent=0.0992 pred= 16 target= 16 correct=1 gate=N/A
[sample-info] i=  432 ent=0.1360 pred= 28 target= 28 correct=1 gate=N/A
[sample-info] i=  433 ent=0.0027 pred= 37 target= 37 correct=1 gate=N/A
[sample-info] i=  434 ent=0.2104 pred= 10 target= 10 correct=1 gate=N/A
[sample-info] i=  435 ent=0.1393 pred= 23 target= 23 correct=1 gate=N/A
[sample-info] i=  436 ent=0.0002 pred=  5 target=  5 correct=1 gate=N/A
[sample-info] i=  437 ent=0.3091 pred= 28 target= 28 correct=1 gate=N/A
[sample-info] i=  438 ent=0.0115 pred= 17 target= 17 correct=1 gate=N/A
[sample-info] i=  439 ent=0.0078 pred= 35 target= 35 correct=1 gate=N/A
[sample-info] i=  440 ent=0.2217 pred= 21 target= 21 correct=1 gate=N/A
[sample-info] i=  441 ent=0.0467 pred=  3 target= 36 correct=0 gate=N/A
[sample-info] i=  442 ent=0.0084 pred= 22 target= 22 correct=1 gate=N/A
[sample-info] i=  443 ent=0.0592 pred= 30 target= 30 correct=1 gate=N/A
[sample-info] i=  444 ent=0.0062 pred= 22 target= 22 correct=1 gate=N/A
[sample-info] i=  445 ent=0.0489 pred=  8 target=  8 correct=1 gate=N/A
[sample-info] i=  446 ent=0.0251 pred= 12 target= 12 correct=1 gate=N/A
[sample-info] i=  447 ent=0.0008 pred=  6 target=  6 correct=1 gate=N/A
[sample-info] i=  448 ent=0.0002 pred= 25 target= 25 correct=1 gate=N/A
[sample-info] i=  449 ent=0.0001 pred=  0 target=  0 correct=1 gate=N/A
[sample-info] i=  450 ent=0.3069 pred=  2 target=  2 correct=1 gate=N/A
[sample-info] i=  451 ent=0.4141 pred= 16 target= 16 correct=1 gate=N/A
[sample-info] i=  452 ent=0.0925 pred= 33 target= 33 correct=1 gate=N/A
[sample-info] i=  453 ent=0.0114 pred=  7 target=  7 correct=1 gate=N/A
[sample-info] i=  454 ent=0.0148 pred=  3 target=  3 correct=1 gate=N/A
[sample-info] i=  455 ent=0.4414 pred= 10 target= 37 correct=0 gate=N/A
[sample-info] i=  456 ent=0.0052 pred=  2 target=  2 correct=1 gate=N/A
[sample-info] i=  457 ent=0.0009 pred= 27 target= 27 correct=1 gate=N/A
[sample-info] i=  458 ent=0.1104 pred= 33 target= 33 correct=1 gate=N/A
[sample-info] i=  459 ent=0.1698 pred= 14 target= 36 correct=0 gate=N/A
[sample-info] i=  460 ent=0.0002 pred=  0 target=  0 correct=1 gate=N/A
[sample-info] i=  461 ent=0.1749 pred= 14 target= 23 correct=0 gate=N/A
[sample-info] i=  462 ent=0.0070 pred=  8 target=  8 correct=1 gate=N/A
[sample-info] i=  463 ent=0.0124 pred= 30 target= 30 correct=1 gate=N/A
[sample-info] i=  464 ent=0.0562 pred= 34 target= 34 correct=1 gate=N/A
[sample-info] i=  465 ent=0.1357 pred= 14 target= 14 correct=1 gate=N/A
[sample-info] i=  466 ent=0.3823 pred= 12 target= 12 correct=1 gate=N/A
[sample-info] i=  467 ent=0.0010 pred= 22 target= 22 correct=1 gate=N/A
[sample-info] i=  468 ent=0.0004 pred=  7 target=  7 correct=1 gate=N/A
[sample-info] i=  469 ent=0.0003 pred=  5 target=  5 correct=1 gate=N/A
[sample-info] i=  470 ent=0.1116 pred= 15 target= 26 correct=0 gate=N/A
[sample-info] i=  471 ent=0.0146 pred=  8 target=  8 correct=1 gate=N/A
[sample-info] i=  472 ent=0.0691 pred= 23 target= 36 correct=0 gate=N/A
[sample-info] i=  473 ent=0.0014 pred= 35 target= 35 correct=1 gate=N/A
[sample-info] i=  474 ent=0.0008 pred=  7 target=  7 correct=1 gate=N/A
[sample-info] i=  475 ent=0.1166 pred=  4 target=  4 correct=1 gate=N/A
[sample-info] i=  476 ent=0.1620 pred=  4 target=  4 correct=1 gate=N/A
[sample-info] i=  477 ent=0.0001 pred= 17 target= 17 correct=1 gate=N/A
[sample-info] i=  478 ent=0.0032 pred= 26 target= 26 correct=1 gate=N/A
[sample-info] i=  479 ent=0.0006 pred= 17 target= 17 correct=1 gate=N/A
[sample-info] i=  480 ent=0.0000 pred= 25 target= 25 correct=1 gate=N/A
[sample-info] i=  481 ent=0.0433 pred=  5 target=  5 correct=1 gate=N/A
[sample-info] i=  482 ent=0.0265 pred= 23 target= 23 correct=1 gate=N/A
[sample-info] i=  483 ent=0.0471 pred= 28 target= 28 correct=1 gate=N/A
[sample-info] i=  484 ent=0.3967 pred= 23 target= 21 correct=0 gate=N/A
[sample-info] i=  485 ent=0.0124 pred= 17 target= 17 correct=1 gate=N/A
[sample-info] i=  486 ent=0.2722 pred= 14 target= 14 correct=1 gate=N/A
[sample-info] i=  487 ent=0.0451 pred= 12 target= 12 correct=1 gate=N/A
[sample-info] i=  488 ent=0.0006 pred= 35 target= 35 correct=1 gate=N/A
[sample-info] i=  489 ent=0.0015 pred= 35 target= 35 correct=1 gate=N/A
[sample-info] i=  490 ent=0.0612 pred=  4 target= 36 correct=0 gate=N/A
[sample-info] i=  491 ent=0.1528 pred= 30 target= 30 correct=1 gate=N/A
[sample-info] i=  492 ent=0.0080 pred= 35 target= 35 correct=1 gate=N/A
[sample-info] i=  493 ent=0.2166 pred=  3 target=  8 correct=0 gate=N/A
[sample-info] i=  494 ent=0.2893 pred=  6 target= 37 correct=0 gate=N/A
[sample-info] i=  495 ent=0.1261 pred= 36 target= 36 correct=1 gate=N/A
[sample-info] i=  496 ent=0.0001 pred= 13 target= 13 correct=1 gate=N/A
[sample-info] i=  497 ent=0.0041 pred= 22 target= 22 correct=1 gate=N/A
[sample-info] i=  498 ent=0.3608 pred= 14 target= 12 correct=0 gate=N/A
[sample-info] i=  499 ent=0.0009 pred=  7 target=  7 correct=1 gate=N/A
[sample-info] i=  500 ent=0.0160 pred=  8 target=  8 correct=1 gate=N/A
---- [hier] step 500 test acc: 80.24. ----

[sample-info] i=  501 ent=0.3025 pred= 38 target=  2 correct=0 gate=N/A
[sample-info] i=  502 ent=0.0001 pred=  5 target=  5 correct=1 gate=N/A
[sample-info] i=  503 ent=0.0048 pred=  2 target=  2 correct=1 gate=N/A
[sample-info] i=  504 ent=0.0035 pred=  2 target=  2 correct=1 gate=N/A
[sample-info] i=  505 ent=0.1094 pred= 28 target= 21 correct=0 gate=N/A
[sample-info] i=  506 ent=0.0004 pred=  9 target=  9 correct=1 gate=N/A
[sample-info] i=  507 ent=0.0679 pred= 12 target= 12 correct=1 gate=N/A
[sample-info] i=  508 ent=0.0929 pred= 30 target= 30 correct=1 gate=N/A
[sample-info] i=  509 ent=0.0047 pred= 32 target= 32 correct=1 gate=N/A
[sample-info] i=  510 ent=0.2686 pred= 36 target= 36 correct=1 gate=N/A
[sample-info] i=  511 ent=0.0029 pred=  7 target=  7 correct=1 gate=N/A
[sample-info] i=  512 ent=0.0266 pred= 22 target= 22 correct=1 gate=N/A
[sample-info] i=  513 ent=0.0014 pred= 35 target= 35 correct=1 gate=N/A
[sample-info] i=  514 ent=0.3267 pred= 23 target= 14 correct=0 gate=N/A
[sample-info] i=  515 ent=0.2130 pred= 23 target= 21 correct=0 gate=N/A
[sample-info] i=  516 ent=0.1476 pred= 33 target= 33 correct=1 gate=N/A
[sample-info] i=  517 ent=0.0318 pred= 37 target= 15 correct=0 gate=N/A
[sample-info] i=  518 ent=0.0037 pred= 11 target= 11 correct=1 gate=N/A
[sample-info] i=  519 ent=0.0355 pred=  7 target=  7 correct=1 gate=N/A
[sample-info] i=  520 ent=0.2177 pred= 10 target= 10 correct=1 gate=N/A
[sample-info] i=  521 ent=0.0012 pred= 22 target= 22 correct=1 gate=N/A
[sample-info] i=  522 ent=0.0581 pred= 25 target= 25 correct=1 gate=N/A
[sample-info] i=  523 ent=0.2893 pred= 22 target= 19 correct=0 gate=N/A
[sample-info] i=  524 ent=0.0003 pred= 17 target= 17 correct=1 gate=N/A
[sample-info] i=  525 ent=0.0186 pred= 17 target= 17 correct=1 gate=N/A
[sample-info] i=  526 ent=0.0001 pred=  0 target=  0 correct=1 gate=N/A
[sample-info] i=  527 ent=0.0438 pred=  9 target= 37 correct=0 gate=N/A
[sample-info] i=  528 ent=0.3464 pred= 16 target= 16 correct=1 gate=N/A
[sample-info] i=  529 ent=0.0465 pred= 28 target= 28 correct=1 gate=N/A
[sample-info] i=  530 ent=0.1423 pred= 37 target= 15 correct=0 gate=N/A
[sample-info] i=  531 ent=0.1041 pred= 30 target=  8 correct=0 gate=N/A
[sample-info] i=  532 ent=0.0439 pred= 32 target=  8 correct=0 gate=N/A
[sample-info] i=  533 ent=0.1076 pred= 37 target= 15 correct=0 gate=N/A
[sample-info] i=  534 ent=0.0001 pred=  0 target=  0 correct=1 gate=N/A
[sample-info] i=  535 ent=0.3572 pred= 29 target= 34 correct=0 gate=N/A
[sample-info] i=  536 ent=0.2406 pred= 16 target= 16 correct=1 gate=N/A
[sample-info] i=  537 ent=0.2351 pred= 36 target= 36 correct=1 gate=N/A
[sample-info] i=  538 ent=0.0130 pred= 10 target= 10 correct=1 gate=N/A
[sample-info] i=  539 ent=0.0039 pred=  5 target=  5 correct=1 gate=N/A
[sample-info] i=  540 ent=0.1243 pred= 21 target= 21 correct=1 gate=N/A
[sample-info] i=  541 ent=0.0551 pred=  8 target=  8 correct=1 gate=N/A
[sample-info] i=  542 ent=0.0646 pred=  4 target=  4 correct=1 gate=N/A
[sample-info] i=  543 ent=0.0001 pred=  5 target=  5 correct=1 gate=N/A
[sample-info] i=  544 ent=0.0173 pred= 22 target= 22 correct=1 gate=N/A
[sample-info] i=  545 ent=0.0023 pred= 31 target= 31 correct=1 gate=N/A
[sample-info] i=  546 ent=0.0030 pred= 22 target= 22 correct=1 gate=N/A
[sample-info] i=  547 ent=0.0006 pred=  5 target=  5 correct=1 gate=N/A
[sample-info] i=  548 ent=0.1627 pred=  8 target=  8 correct=1 gate=N/A
[sample-info] i=  549 ent=0.2996 pred= 10 target=  5 correct=0 gate=N/A
[sample-info] i=  550 ent=0.0004 pred=  0 target=  0 correct=1 gate=N/A
[sample-info] i=  551 ent=0.2913 pred= 38 target= 28 correct=0 gate=N/A
[sample-info] i=  552 ent=0.0128 pred=  4 target=  4 correct=1 gate=N/A
[sample-info] i=  553 ent=0.1205 pred= 16 target= 16 correct=1 gate=N/A
[sample-info] i=  554 ent=0.1283 pred= 23 target= 23 correct=1 gate=N/A
[sample-info] i=  555 ent=0.0011 pred=  7 target=  7 correct=1 gate=N/A
[sample-info] i=  556 ent=0.1443 pred= 15 target= 26 correct=0 gate=N/A
[sample-info] i=  557 ent=0.0043 pred=  4 target=  4 correct=1 gate=N/A
[sample-info] i=  558 ent=0.0002 pred=  7 target=  7 correct=1 gate=N/A
[sample-info] i=  559 ent=0.0800 pred=  4 target=  4 correct=1 gate=N/A
[sample-info] i=  560 ent=0.1829 pred= 34 target= 34 correct=1 gate=N/A
[sample-info] i=  561 ent=0.2930 pred= 23 target= 21 correct=0 gate=N/A
[sample-info] i=  562 ent=0.0148 pred=  8 target=  8 correct=1 gate=N/A
[sample-info] i=  563 ent=0.0069 pred= 30 target= 30 correct=1 gate=N/A
[sample-info] i=  564 ent=0.1221 pred= 28 target= 28 correct=1 gate=N/A
[sample-info] i=  565 ent=0.0004 pred=  0 target=  0 correct=1 gate=N/A
[sample-info] i=  566 ent=0.0348 pred= 34 target= 34 correct=1 gate=N/A
[sample-info] i=  567 ent=0.0042 pred=  6 target=  6 correct=1 gate=N/A
[sample-info] i=  568 ent=0.0474 pred=  4 target=  4 correct=1 gate=N/A
[sample-info] i=  569 ent=0.0001 pred= 29 target= 29 correct=1 gate=N/A
[sample-info] i=  570 ent=0.0001 pred=  0 target=  0 correct=1 gate=N/A
[sample-info] i=  571 ent=0.0004 pred=  7 target=  7 correct=1 gate=N/A
[sample-info] i=  572 ent=0.0473 pred= 24 target= 24 correct=1 gate=N/A
[sample-info] i=  573 ent=0.0003 pred= 31 target= 31 correct=1 gate=N/A
[sample-info] i=  574 ent=0.0037 pred= 23 target= 23 correct=1 gate=N/A
[sample-info] i=  575 ent=0.2169 pred= 16 target= 16 correct=1 gate=N/A
[sample-info] i=  576 ent=0.0032 pred=  0 target=  0 correct=1 gate=N/A
[sample-info] i=  577 ent=0.0014 pred= 26 target= 26 correct=1 gate=N/A
[sample-info] i=  578 ent=0.2925 pred= 27 target= 27 correct=1 gate=N/A
[sample-info] i=  579 ent=0.2159 pred= 29 target=  1 correct=0 gate=N/A
[sample-info] i=  580 ent=0.0067 pred= 17 target= 17 correct=1 gate=N/A
[sample-info] i=  581 ent=0.0378 pred= 19 target= 19 correct=1 gate=N/A
[sample-info] i=  582 ent=0.1678 pred= 23 target= 23 correct=1 gate=N/A
[sample-info] i=  583 ent=0.0054 pred= 24 target= 24 correct=1 gate=N/A
[sample-info] i=  584 ent=0.1154 pred= 15 target= 26 correct=0 gate=N/A
[sample-info] i=  585 ent=0.0041 pred=  6 target= 15 correct=0 gate=N/A
[sample-info] i=  586 ent=0.1790 pred= 23 target= 36 correct=0 gate=N/A
[sample-info] i=  587 ent=0.1324 pred= 36 target= 36 correct=1 gate=N/A
[sample-info] i=  588 ent=0.0598 pred= 38 target= 21 correct=0 gate=N/A
[sample-info] i=  589 ent=0.0002 pred= 35 target= 35 correct=1 gate=N/A
[sample-info] i=  590 ent=0.1081 pred= 15 target= 26 correct=0 gate=N/A
[sample-info] i=  591 ent=0.0279 pred= 18 target= 18 correct=1 gate=N/A
[sample-info] i=  592 ent=0.0707 pred=  3 target=  3 correct=1 gate=N/A
[sample-info] i=  593 ent=0.0005 pred= 22 target= 22 correct=1 gate=N/A
[sample-info] i=  594 ent=0.0001 pred=  0 target=  0 correct=1 gate=N/A
[sample-info] i=  595 ent=0.0084 pred= 20 target= 20 correct=1 gate=N/A
[sample-info] i=  596 ent=0.0344 pred= 12 target= 12 correct=1 gate=N/A
[sample-info] i=  597 ent=0.0028 pred= 35 target= 35 correct=1 gate=N/A
[sample-info] i=  598 ent=0.0797 pred= 16 target= 16 correct=1 gate=N/A
[sample-info] i=  599 ent=0.1215 pred= 15 target= 26 correct=0 gate=N/A
[sample-info] i=  600 ent=0.0080 pred=  9 target=  9 correct=1 gate=N/A
[sample-info] i=  601 ent=0.0001 pred= 25 target= 25 correct=1 gate=N/A
[sample-info] i=  602 ent=0.0074 pred=  8 target=  8 correct=1 gate=N/A
[sample-info] i=  603 ent=0.0122 pred= 26 target= 26 correct=1 gate=N/A
[sample-info] i=  604 ent=0.0750 pred= 16 target= 16 correct=1 gate=N/A
[sample-info] i=  605 ent=0.0067 pred=  6 target= 37 correct=0 gate=N/A
[sample-info] i=  606 ent=0.0004 pred=  5 target=  5 correct=1 gate=N/A
[sample-info] i=  607 ent=0.0040 pred= 37 target= 37 correct=1 gate=N/A
[sample-info] i=  608 ent=0.0099 pred= 19 target= 19 correct=1 gate=N/A
[sample-info] i=  609 ent=0.0024 pred= 26 target= 26 correct=1 gate=N/A
[sample-info] i=  610 ent=0.1951 pred=  4 target=  4 correct=1 gate=N/A
[sample-info] i=  611 ent=0.0024 pred=  7 target=  7 correct=1 gate=N/A
[sample-info] i=  612 ent=0.3049 pred= 23 target= 12 correct=0 gate=N/A
[sample-info] i=  613 ent=0.0046 pred= 28 target= 28 correct=1 gate=N/A
[sample-info] i=  614 ent=0.1439 pred=  3 target=  3 correct=1 gate=N/A
[sample-info] i=  615 ent=0.0243 pred= 24 target= 24 correct=1 gate=N/A
[sample-info] i=  616 ent=0.1821 pred= 22 target= 39 correct=0 gate=N/A
[sample-info] i=  617 ent=0.0708 pred= 26 target= 26 correct=1 gate=N/A
[sample-info] i=  618 ent=0.0003 pred=  5 target=  5 correct=1 gate=N/A
[sample-info] i=  619 ent=0.0011 pred=  7 target=  7 correct=1 gate=N/A
[sample-info] i=  620 ent=0.0329 pred= 14 target= 14 correct=1 gate=N/A
[sample-info] i=  621 ent=0.0024 pred= 30 target= 30 correct=1 gate=N/A
[sample-info] i=  622 ent=0.0036 pred= 17 target= 17 correct=1 gate=N/A
[sample-info] i=  623 ent=0.0026 pred=  7 target=  7 correct=1 gate=N/A
[sample-info] i=  624 ent=0.0018 pred= 22 target= 22 correct=1 gate=N/A
[sample-info] i=  625 ent=0.2272 pred=  1 target=  1 correct=1 gate=N/A
[sample-info] i=  626 ent=0.2878 pred= 28 target= 28 correct=1 gate=N/A
[sample-info] i=  627 ent=0.0015 pred= 28 target= 28 correct=1 gate=N/A
[sample-info] i=  628 ent=0.1610 pred=  2 target=  2 correct=1 gate=N/A
[sample-info] i=  629 ent=0.0018 pred= 22 target= 22 correct=1 gate=N/A
[sample-info] i=  630 ent=0.2360 pred= 23 target= 36 correct=0 gate=N/A
[sample-info] i=  631 ent=0.1671 pred= 10 target= 37 correct=0 gate=N/A
[sample-info] i=  632 ent=0.0980 pred= 23 target= 23 correct=1 gate=N/A
[sample-info] i=  633 ent=0.0083 pred=  7 target=  7 correct=1 gate=N/A
[sample-info] i=  634 ent=0.2163 pred= 23 target= 23 correct=1 gate=N/A
[sample-info] i=  635 ent=0.0691 pred= 33 target= 33 correct=1 gate=N/A
[sample-info] i=  636 ent=0.0017 pred= 35 target= 35 correct=1 gate=N/A
[sample-info] i=  637 ent=0.1941 pred=  6 target=  1 correct=0 gate=N/A
[sample-info] i=  638 ent=0.0287 pred= 27 target= 39 correct=0 gate=N/A
[sample-info] i=  639 ent=0.0014 pred= 13 target= 13 correct=1 gate=N/A
[sample-info] i=  640 ent=0.0098 pred=  8 target=  8 correct=1 gate=N/A
[sample-info] i=  641 ent=0.2676 pred= 39 target=  2 correct=0 gate=N/A
[sample-info] i=  642 ent=0.0071 pred=  4 target=  4 correct=1 gate=N/A
[sample-info] i=  643 ent=0.0239 pred= 35 target= 35 correct=1 gate=N/A
[sample-info] i=  644 ent=0.0243 pred= 25 target= 25 correct=1 gate=N/A
[sample-info] i=  645 ent=0.0011 pred=  7 target=  7 correct=1 gate=N/A
[sample-info] i=  646 ent=0.1191 pred= 30 target= 30 correct=1 gate=N/A
[sample-info] i=  647 ent=0.0010 pred= 35 target= 35 correct=1 gate=N/A
[sample-info] i=  648 ent=0.0800 pred= 37 target= 37 correct=1 gate=N/A
[sample-info] i=  649 ent=0.1295 pred= 14 target= 14 correct=1 gate=N/A
[sample-info] i=  650 ent=0.1339 pred= 14 target= 38 correct=0 gate=N/A
[sample-info] i=  651 ent=0.1212 pred= 15 target= 26 correct=0 gate=N/A
[sample-info] i=  652 ent=0.0077 pred=  5 target=  5 correct=1 gate=N/A
[sample-info] i=  653 ent=0.0019 pred=  2 target=  2 correct=1 gate=N/A
[sample-info] i=  654 ent=0.1002 pred= 37 target= 37 correct=1 gate=N/A
[sample-info] i=  655 ent=0.2119 pred= 36 target= 36 correct=1 gate=N/A
[sample-info] i=  656 ent=0.2373 pred= 36 target= 36 correct=1 gate=N/A
[sample-info] i=  657 ent=0.0029 pred= 26 target= 26 correct=1 gate=N/A
[sample-info] i=  658 ent=0.0943 pred=  8 target=  8 correct=1 gate=N/A
[sample-info] i=  659 ent=0.0014 pred= 10 target= 10 correct=1 gate=N/A
[sample-info] i=  660 ent=0.0000 pred= 25 target= 25 correct=1 gate=N/A
[sample-info] i=  661 ent=0.2854 pred=  3 target= 21 correct=0 gate=N/A
[sample-info] i=  662 ent=0.0002 pred= 25 target= 25 correct=1 gate=N/A
[sample-info] i=  663 ent=0.0751 pred= 16 target= 16 correct=1 gate=N/A
[sample-info] i=  664 ent=0.0965 pred= 15 target= 26 correct=0 gate=N/A
[sample-info] i=  665 ent=0.0002 pred= 17 target= 17 correct=1 gate=N/A
[sample-info] i=  666 ent=0.1483 pred= 38 target= 14 correct=0 gate=N/A
[sample-info] i=  667 ent=0.0039 pred=  8 target=  8 correct=1 gate=N/A
[sample-info] i=  668 ent=0.0212 pred= 33 target= 33 correct=1 gate=N/A
[sample-info] i=  669 ent=0.1697 pred= 28 target= 28 correct=1 gate=N/A
[sample-info] i=  670 ent=0.0397 pred= 23 target= 36 correct=0 gate=N/A
[sample-info] i=  671 ent=0.0002 pred=  0 target=  0 correct=1 gate=N/A
[sample-info] i=  672 ent=0.0015 pred= 20 target= 20 correct=1 gate=N/A
[sample-info] i=  673 ent=0.2454 pred=  6 target= 37 correct=0 gate=N/A
[sample-info] i=  674 ent=0.0001 pred=  0 target=  0 correct=1 gate=N/A
[sample-info] i=  675 ent=0.0384 pred= 22 target= 22 correct=1 gate=N/A
[sample-info] i=  676 ent=0.2517 pred=  2 target=  2 correct=1 gate=N/A
[sample-info] i=  677 ent=0.0008 pred= 35 target= 35 correct=1 gate=N/A
[sample-info] i=  678 ent=0.0158 pred=  8 target=  8 correct=1 gate=N/A
[sample-info] i=  679 ent=0.0006 pred=  7 target=  7 correct=1 gate=N/A
[sample-info] i=  680 ent=0.0013 pred=  7 target=  7 correct=1 gate=N/A
[sample-info] i=  681 ent=0.0068 pred= 37 target= 37 correct=1 gate=N/A
[sample-info] i=  682 ent=0.0956 pred= 36 target= 36 correct=1 gate=N/A
[sample-info] i=  683 ent=0.0595 pred= 14 target= 14 correct=1 gate=N/A
[sample-info] i=  684 ent=0.4119 pred= 14 target= 39 correct=0 gate=N/A
[sample-info] i=  685 ent=0.2568 pred= 16 target= 23 correct=0 gate=N/A
[sample-info] i=  686 ent=0.0393 pred=  5 target=  5 correct=1 gate=N/A
[sample-info] i=  687 ent=0.2129 pred= 36 target= 36 correct=1 gate=N/A
[sample-info] i=  688 ent=0.1348 pred= 28 target= 28 correct=1 gate=N/A
[sample-info] i=  689 ent=0.0039 pred= 24 target= 24 correct=1 gate=N/A
[sample-info] i=  690 ent=0.0006 pred=  2 target=  2 correct=1 gate=N/A
[sample-info] i=  691 ent=0.0069 pred= 18 target= 18 correct=1 gate=N/A
[sample-info] i=  692 ent=0.0041 pred= 24 target= 24 correct=1 gate=N/A
[sample-info] i=  693 ent=0.1227 pred= 23 target= 23 correct=1 gate=N/A
[sample-info] i=  694 ent=0.0296 pred=  8 target=  8 correct=1 gate=N/A
[sample-info] i=  695 ent=0.1205 pred= 15 target= 15 correct=1 gate=N/A
[sample-info] i=  696 ent=0.0004 pred= 17 target= 17 correct=1 gate=N/A
[sample-info] i=  697 ent=0.0030 pred= 35 target= 35 correct=1 gate=N/A
[sample-info] i=  698 ent=0.0526 pred= 28 target= 28 correct=1 gate=N/A
[sample-info] i=  699 ent=0.0027 pred= 11 target= 11 correct=1 gate=N/A
[sample-info] i=  700 ent=0.1001 pred= 39 target= 39 correct=1 gate=N/A
[sample-info] i=  701 ent=0.0042 pred= 25 target= 25 correct=1 gate=N/A
[sample-info] i=  702 ent=0.0861 pred= 30 target= 30 correct=1 gate=N/A
[sample-info] i=  703 ent=0.0001 pred= 17 target= 17 correct=1 gate=N/A
[sample-info] i=  704 ent=0.0140 pred= 30 target= 30 correct=1 gate=N/A
[sample-info] i=  705 ent=0.0041 pred= 17 target= 17 correct=1 gate=N/A
[sample-info] i=  706 ent=0.2213 pred=  3 target= 12 correct=0 gate=N/A
[sample-info] i=  707 ent=0.0478 pred=  2 target=  2 correct=1 gate=N/A
[sample-info] i=  708 ent=0.2642 pred= 23 target= 12 correct=0 gate=N/A
[sample-info] i=  709 ent=0.2399 pred= 38 target=  4 correct=0 gate=N/A
[sample-info] i=  710 ent=0.0933 pred= 26 target= 26 correct=1 gate=N/A
[sample-info] i=  711 ent=0.1189 pred= 10 target= 37 correct=0 gate=N/A
[sample-info] i=  712 ent=0.4009 pred= 16 target= 21 correct=0 gate=N/A
[sample-info] i=  713 ent=0.1702 pred= 10 target= 37 correct=0 gate=N/A
[sample-info] i=  714 ent=0.0137 pred= 15 target= 15 correct=1 gate=N/A
[sample-info] i=  715 ent=0.0009 pred= 31 target= 31 correct=1 gate=N/A
[sample-info] i=  716 ent=0.2942 pred= 32 target= 32 correct=1 gate=N/A
[sample-info] i=  717 ent=0.0294 pred=  8 target=  8 correct=1 gate=N/A
[sample-info] i=  718 ent=0.0149 pred=  6 target=  6 correct=1 gate=N/A
[sample-info] i=  719 ent=0.0036 pred= 24 target= 24 correct=1 gate=N/A
[sample-info] i=  720 ent=0.1918 pred= 10 target= 37 correct=0 gate=N/A
[sample-info] i=  721 ent=0.0173 pred=  8 target=  8 correct=1 gate=N/A
[sample-info] i=  722 ent=0.0000 pred= 17 target= 17 correct=1 gate=N/A
[sample-info] i=  723 ent=0.0001 pred=  0 target=  0 correct=1 gate=N/A
[sample-info] i=  724 ent=0.0055 pred=  6 target=  6 correct=1 gate=N/A
[sample-info] i=  725 ent=0.0552 pred=  8 target=  8 correct=1 gate=N/A
[sample-info] i=  726 ent=0.0441 pred= 37 target= 15 correct=0 gate=N/A
[sample-info] i=  727 ent=0.0273 pred= 14 target= 14 correct=1 gate=N/A
[sample-info] i=  728 ent=0.0001 pred= 13 target= 13 correct=1 gate=N/A
[sample-info] i=  729 ent=0.0016 pred= 25 target= 25 correct=1 gate=N/A
[sample-info] i=  730 ent=0.0004 pred= 17 target= 17 correct=1 gate=N/A
[sample-info] i=  731 ent=0.0532 pred=  8 target=  8 correct=1 gate=N/A
[sample-info] i=  732 ent=0.0032 pred= 17 target= 17 correct=1 gate=N/A
[sample-info] i=  733 ent=0.0322 pred=  8 target=  8 correct=1 gate=N/A
[sample-info] i=  734 ent=0.1163 pred= 38 target= 38 correct=1 gate=N/A
[sample-info] i=  735 ent=0.0254 pred= 26 target= 26 correct=1 gate=N/A
[sample-info] i=  736 ent=0.0051 pred= 37 target= 37 correct=1 gate=N/A
[sample-info] i=  737 ent=0.0001 pred= 17 target= 17 correct=1 gate=N/A
[sample-info] i=  738 ent=0.0298 pred= 30 target= 30 correct=1 gate=N/A
[sample-info] i=  739 ent=0.0415 pred= 12 target= 12 correct=1 gate=N/A
[sample-info] i=  740 ent=0.0099 pred= 25 target= 25 correct=1 gate=N/A
[sample-info] i=  741 ent=0.0763 pred= 12 target= 12 correct=1 gate=N/A
[sample-info] i=  742 ent=0.3181 pred= 23 target=  2 correct=0 gate=N/A
[sample-info] i=  743 ent=0.1718 pred= 28 target= 21 correct=0 gate=N/A
[sample-info] i=  744 ent=0.2825 pred= 16 target= 16 correct=1 gate=N/A
[sample-info] i=  745 ent=0.1582 pred= 25 target=  8 correct=0 gate=N/A
[sample-info] i=  746 ent=0.4421 pred= 16 target= 16 correct=1 gate=N/A
[sample-info] i=  747 ent=0.1028 pred= 12 target= 12 correct=1 gate=N/A
[sample-info] i=  748 ent=0.0004 pred= 35 target= 35 correct=1 gate=N/A
[sample-info] i=  749 ent=0.0048 pred= 30 target= 30 correct=1 gate=N/A
[sample-info] i=  750 ent=0.0123 pred= 30 target= 30 correct=1 gate=N/A
[sample-info] i=  751 ent=0.0292 pred= 37 target= 37 correct=1 gate=N/A
[sample-info] i=  752 ent=0.2930 pred= 22 target= 22 correct=1 gate=N/A
[sample-info] i=  753 ent=0.0100 pred= 28 target= 28 correct=1 gate=N/A
[sample-info] i=  754 ent=0.0001 pred=  5 target=  5 correct=1 gate=N/A
[sample-info] i=  755 ent=0.0001 pred=  0 target=  0 correct=1 gate=N/A
[sample-info] i=  756 ent=0.1719 pred=  3 target= 21 correct=0 gate=N/A
[sample-info] i=  757 ent=0.2083 pred= 30 target= 30 correct=1 gate=N/A
[sample-info] i=  758 ent=0.0786 pred= 25 target= 25 correct=1 gate=N/A
[sample-info] i=  759 ent=0.1665 pred= 14 target= 14 correct=1 gate=N/A
[sample-info] i=  760 ent=0.1097 pred=  6 target=  6 correct=1 gate=N/A
[sample-info] i=  761 ent=0.0032 pred= 24 target= 24 correct=1 gate=N/A
[sample-info] i=  762 ent=0.0034 pred=  2 target=  2 correct=1 gate=N/A
[sample-info] i=  763 ent=0.1664 pred= 38 target= 14 correct=0 gate=N/A
[sample-info] i=  764 ent=0.0578 pred=  8 target=  8 correct=1 gate=N/A
[sample-info] i=  765 ent=0.0131 pred= 30 target= 30 correct=1 gate=N/A
[sample-info] i=  766 ent=0.2363 pred= 34 target= 34 correct=1 gate=N/A
[sample-info] i=  767 ent=0.0708 pred= 37 target= 37 correct=1 gate=N/A
[sample-info] i=  768 ent=0.0055 pred=  7 target=  7 correct=1 gate=N/A
[sample-info] i=  769 ent=0.0082 pred= 30 target= 30 correct=1 gate=N/A
[sample-info] i=  770 ent=0.1218 pred= 10 target= 10 correct=1 gate=N/A
[sample-info] i=  771 ent=0.0109 pred= 37 target= 37 correct=1 gate=N/A
[sample-info] i=  772 ent=0.0160 pred= 36 target= 36 correct=1 gate=N/A
[sample-info] i=  773 ent=0.0017 pred= 26 target= 26 correct=1 gate=N/A
[sample-info] i=  774 ent=0.1381 pred= 23 target= 14 correct=0 gate=N/A
[sample-info] i=  775 ent=0.0201 pred=  4 target=  4 correct=1 gate=N/A
[sample-info] i=  776 ent=0.0122 pred= 33 target= 33 correct=1 gate=N/A
[sample-info] i=  777 ent=0.0002 pred=  7 target=  7 correct=1 gate=N/A
[sample-info] i=  778 ent=0.1232 pred= 33 target= 33 correct=1 gate=N/A
[sample-info] i=  779 ent=0.1664 pred=  3 target= 33 correct=0 gate=N/A
[sample-info] i=  780 ent=0.0657 pred= 32 target= 32 correct=1 gate=N/A
[sample-info] i=  781 ent=0.0587 pred=  5 target=  5 correct=1 gate=N/A
[sample-info] i=  782 ent=0.0023 pred= 20 target= 20 correct=1 gate=N/A
[sample-info] i=  783 ent=0.0074 pred=  8 target=  8 correct=1 gate=N/A
[sample-info] i=  784 ent=0.0839 pred= 28 target= 28 correct=1 gate=N/A
[sample-info] i=  785 ent=0.0014 pred=  5 target=  5 correct=1 gate=N/A
[sample-info] i=  786 ent=0.0854 pred= 33 target= 33 correct=1 gate=N/A
[sample-info] i=  787 ent=0.0037 pred= 35 target= 35 correct=1 gate=N/A
[sample-info] i=  788 ent=0.0483 pred=  4 target= 36 correct=0 gate=N/A
[sample-info] i=  789 ent=0.0041 pred= 17 target= 17 correct=1 gate=N/A
[sample-info] i=  790 ent=0.0013 pred= 11 target= 11 correct=1 gate=N/A
[sample-info] i=  791 ent=0.0010 pred= 25 target= 25 correct=1 gate=N/A
[sample-info] i=  792 ent=0.0001 pred=  0 target=  0 correct=1 gate=N/A
[sample-info] i=  793 ent=0.0399 pred= 26 target= 26 correct=1 gate=N/A
[sample-info] i=  794 ent=0.1042 pred= 16 target= 28 correct=0 gate=N/A
[sample-info] i=  795 ent=0.1498 pred= 38 target= 23 correct=0 gate=N/A
[sample-info] i=  796 ent=0.0028 pred= 17 target= 17 correct=1 gate=N/A
[sample-info] i=  797 ent=0.0011 pred=  0 target=  0 correct=1 gate=N/A
[sample-info] i=  798 ent=0.0419 pred= 35 target= 35 correct=1 gate=N/A
[sample-info] i=  799 ent=0.1758 pred=  4 target=  4 correct=1 gate=N/A
[sample-info] i=  800 ent=0.0016 pred=  7 target=  7 correct=1 gate=N/A
[sample-info] i=  801 ent=0.2031 pred= 33 target= 33 correct=1 gate=N/A
[sample-info] i=  802 ent=0.0038 pred=  7 target=  7 correct=1 gate=N/A
[sample-info] i=  803 ent=0.2017 pred= 21 target= 23 correct=0 gate=N/A
[sample-info] i=  804 ent=0.0127 pred=  4 target=  4 correct=1 gate=N/A
[sample-info] i=  805 ent=0.0075 pred= 26 target= 26 correct=1 gate=N/A
[sample-info] i=  806 ent=0.0008 pred=  7 target=  7 correct=1 gate=N/A
[sample-info] i=  807 ent=0.3132 pred= 16 target= 16 correct=1 gate=N/A
[sample-info] i=  808 ent=0.0801 pred= 28 target= 28 correct=1 gate=N/A
[sample-info] i=  809 ent=0.0468 pred=  4 target=  4 correct=1 gate=N/A
[sample-info] i=  810 ent=0.0224 pred= 25 target= 25 correct=1 gate=N/A
[sample-info] i=  811 ent=0.2266 pred= 23 target= 36 correct=0 gate=N/A
[sample-info] i=  812 ent=0.0970 pred= 33 target= 23 correct=0 gate=N/A
[sample-info] i=  813 ent=0.0218 pred= 12 target= 12 correct=1 gate=N/A
[sample-info] i=  814 ent=0.2137 pred= 33 target= 33 correct=1 gate=N/A
[sample-info] i=  815 ent=0.1665 pred=  1 target=  1 correct=1 gate=N/A
[sample-info] i=  816 ent=0.0086 pred=  9 target= 34 correct=0 gate=N/A
[sample-info] i=  817 ent=0.0267 pred=  8 target=  8 correct=1 gate=N/A
[sample-info] i=  818 ent=0.2228 pred= 36 target= 36 correct=1 gate=N/A
[sample-info] i=  819 ent=0.2959 pred= 16 target= 21 correct=0 gate=N/A
[sample-info] i=  820 ent=0.0017 pred= 19 target= 19 correct=1 gate=N/A
[sample-info] i=  821 ent=0.1606 pred= 38 target=  4 correct=0 gate=N/A
[sample-info] i=  822 ent=0.1638 pred= 23 target= 23 correct=1 gate=N/A
[sample-info] i=  823 ent=0.0096 pred= 22 target= 22 correct=1 gate=N/A
[sample-info] i=  824 ent=0.0007 pred= 22 target= 22 correct=1 gate=N/A
[sample-info] i=  825 ent=0.0010 pred=  2 target=  2 correct=1 gate=N/A
[sample-info] i=  826 ent=0.1688 pred= 10 target= 10 correct=1 gate=N/A
[sample-info] i=  827 ent=0.0001 pred=  5 target=  5 correct=1 gate=N/A
[sample-info] i=  828 ent=0.0424 pred= 22 target= 22 correct=1 gate=N/A
[sample-info] i=  829 ent=0.0032 pred= 28 target= 28 correct=1 gate=N/A
[sample-info] i=  830 ent=0.3938 pred= 22 target= 22 correct=1 gate=N/A
[sample-info] i=  831 ent=0.3240 pred= 16 target= 38 correct=0 gate=N/A
[sample-info] i=  832 ent=0.1240 pred= 33 target= 12 correct=0 gate=N/A
[sample-info] i=  833 ent=0.0207 pred=  1 target=  1 correct=1 gate=N/A
[sample-info] i=  834 ent=0.1439 pred= 29 target=  1 correct=0 gate=N/A
[sample-info] i=  835 ent=0.1926 pred= 16 target= 16 correct=1 gate=N/A
[sample-info] i=  836 ent=0.0330 pred= 20 target= 20 correct=1 gate=N/A
[sample-info] i=  837 ent=0.0002 pred= 25 target= 25 correct=1 gate=N/A
[sample-info] i=  838 ent=0.0035 pred= 25 target= 25 correct=1 gate=N/A
[sample-info] i=  839 ent=0.0002 pred=  0 target=  0 correct=1 gate=N/A
[sample-info] i=  840 ent=0.2705 pred= 16 target= 16 correct=1 gate=N/A
[sample-info] i=  841 ent=0.0058 pred= 22 target= 22 correct=1 gate=N/A
[sample-info] i=  842 ent=0.1614 pred= 25 target= 25 correct=1 gate=N/A
[sample-info] i=  843 ent=0.0031 pred=  7 target=  7 correct=1 gate=N/A
[sample-info] i=  844 ent=0.3237 pred= 10 target= 35 correct=0 gate=N/A
[sample-info] i=  845 ent=0.0015 pred=  7 target=  7 correct=1 gate=N/A
[sample-info] i=  846 ent=0.1447 pred=  3 target=  3 correct=1 gate=N/A
[sample-info] i=  847 ent=0.1519 pred=  4 target=  4 correct=1 gate=N/A
[sample-info] i=  848 ent=0.0262 pred=  4 target=  4 correct=1 gate=N/A
[sample-info] i=  849 ent=0.0504 pred=  5 target=  5 correct=1 gate=N/A
[sample-info] i=  850 ent=0.0755 pred= 37 target= 37 correct=1 gate=N/A
[sample-info] i=  851 ent=0.3281 pred= 14 target= 21 correct=0 gate=N/A
[sample-info] i=  852 ent=0.1165 pred= 33 target= 33 correct=1 gate=N/A
[sample-info] i=  853 ent=0.0005 pred=  0 target=  0 correct=1 gate=N/A
[sample-info] i=  854 ent=0.0008 pred= 25 target= 25 correct=1 gate=N/A
[sample-info] i=  855 ent=0.0008 pred=  0 target=  0 correct=1 gate=N/A
[sample-info] i=  856 ent=0.1627 pred= 33 target= 36 correct=0 gate=N/A
[sample-info] i=  857 ent=0.2756 pred= 32 target= 32 correct=1 gate=N/A
[sample-info] i=  858 ent=0.0007 pred=  7 target=  7 correct=1 gate=N/A
[sample-info] i=  859 ent=0.4783 pred= 22 target= 37 correct=0 gate=N/A
[sample-info] i=  860 ent=0.0001 pred= 35 target= 35 correct=1 gate=N/A
[sample-info] i=  861 ent=0.0010 pred=  3 target=  3 correct=1 gate=N/A
[sample-info] i=  862 ent=0.0625 pred= 12 target= 12 correct=1 gate=N/A
[sample-info] i=  863 ent=0.0417 pred=  8 target=  8 correct=1 gate=N/A
[sample-info] i=  864 ent=0.0602 pred= 17 target= 17 correct=1 gate=N/A
[sample-info] i=  865 ent=0.0108 pred=  5 target=  5 correct=1 gate=N/A
[sample-info] i=  866 ent=0.0815 pred= 37 target= 37 correct=1 gate=N/A
[sample-info] i=  867 ent=0.2576 pred= 28 target= 20 correct=0 gate=N/A
[sample-info] i=  868 ent=0.0033 pred= 22 target= 22 correct=1 gate=N/A
[sample-info] i=  869 ent=0.0023 pred=  0 target=  0 correct=1 gate=N/A
[sample-info] i=  870 ent=0.3955 pred= 21 target= 21 correct=1 gate=N/A
[sample-info] i=  871 ent=0.0482 pred= 32 target= 32 correct=1 gate=N/A
[sample-info] i=  872 ent=0.0617 pred= 23 target= 23 correct=1 gate=N/A
[sample-info] i=  873 ent=0.1096 pred= 15 target= 26 correct=0 gate=N/A
[sample-info] i=  874 ent=0.0045 pred= 33 target= 33 correct=1 gate=N/A
[sample-info] i=  875 ent=0.0003 pred= 17 target= 17 correct=1 gate=N/A
[sample-info] i=  876 ent=0.0002 pred= 35 target= 35 correct=1 gate=N/A
[sample-info] i=  877 ent=0.0001 pred=  0 target=  0 correct=1 gate=N/A
[sample-info] i=  878 ent=0.0298 pred=  1 target=  1 correct=1 gate=N/A
[sample-info] i=  879 ent=0.2333 pred= 28 target= 21 correct=0 gate=N/A
[sample-info] i=  880 ent=0.0074 pred= 35 target= 35 correct=1 gate=N/A
[sample-info] i=  881 ent=0.0735 pred= 30 target= 30 correct=1 gate=N/A
[sample-info] i=  882 ent=0.0567 pred= 29 target= 29 correct=1 gate=N/A
[sample-info] i=  883 ent=0.2140 pred= 29 target= 29 correct=1 gate=N/A
[sample-info] i=  884 ent=0.0015 pred=  2 target=  2 correct=1 gate=N/A
[sample-info] i=  885 ent=0.0049 pred= 35 target= 35 correct=1 gate=N/A
[sample-info] i=  886 ent=0.0591 pred= 23 target= 14 correct=0 gate=N/A
[sample-info] i=  887 ent=0.0470 pred=  3 target= 30 correct=0 gate=N/A
[sample-info] i=  888 ent=0.0004 pred=  0 target=  0 correct=1 gate=N/A
[sample-info] i=  889 ent=0.0288 pred=  8 target=  8 correct=1 gate=N/A
[sample-info] i=  890 ent=0.0727 pred= 23 target= 23 correct=1 gate=N/A
[sample-info] i=  891 ent=0.0103 pred=  2 target=  2 correct=1 gate=N/A
[sample-info] i=  892 ent=0.2330 pred= 16 target= 36 correct=0 gate=N/A
[sample-info] i=  893 ent=0.0086 pred= 22 target= 22 correct=1 gate=N/A
[sample-info] i=  894 ent=0.0492 pred=  4 target=  4 correct=1 gate=N/A
[sample-info] i=  895 ent=0.0029 pred= 22 target= 22 correct=1 gate=N/A
[sample-info] i=  896 ent=0.0451 pred= 33 target= 33 correct=1 gate=N/A
[sample-info] i=  897 ent=0.0034 pred= 25 target= 25 correct=1 gate=N/A
[sample-info] i=  898 ent=0.1908 pred= 13 target= 21 correct=0 gate=N/A
[sample-info] i=  899 ent=0.0088 pred=  2 target=  2 correct=1 gate=N/A
[sample-info] i=  900 ent=0.0105 pred=  2 target=  2 correct=1 gate=N/A
[sample-info] i=  901 ent=0.0001 pred= 17 target= 17 correct=1 gate=N/A
[sample-info] i=  902 ent=0.0229 pred= 30 target= 30 correct=1 gate=N/A
[sample-info] i=  903 ent=0.0482 pred=  8 target=  8 correct=1 gate=N/A
[sample-info] i=  904 ent=0.2593 pred= 38 target= 38 correct=1 gate=N/A
[sample-info] i=  905 ent=0.0524 pred= 28 target= 28 correct=1 gate=N/A
[sample-info] i=  906 ent=0.0023 pred= 22 target= 22 correct=1 gate=N/A
[sample-info] i=  907 ent=0.0002 pred=  0 target=  0 correct=1 gate=N/A
[sample-info] i=  908 ent=0.0018 pred=  2 target=  2 correct=1 gate=N/A
[sample-info] i=  909 ent=0.0020 pred=  2 target=  2 correct=1 gate=N/A
[sample-info] i=  910 ent=0.2520 pred= 23 target= 21 correct=0 gate=N/A
[sample-info] i=  911 ent=0.0098 pred= 22 target= 22 correct=1 gate=N/A
[sample-info] i=  912 ent=0.0111 pred= 25 target= 25 correct=1 gate=N/A
[sample-info] i=  913 ent=0.0439 pred= 37 target= 10 correct=0 gate=N/A
[sample-info] i=  914 ent=0.1003 pred=  4 target= 36 correct=0 gate=N/A
[sample-info] i=  915 ent=0.0262 pred=  8 target=  8 correct=1 gate=N/A
[sample-info] i=  916 ent=0.0013 pred= 26 target= 26 correct=1 gate=N/A
[sample-info] i=  917 ent=0.0029 pred=  7 target=  7 correct=1 gate=N/A
[sample-info] i=  918 ent=0.0851 pred= 11 target= 11 correct=1 gate=N/A
[sample-info] i=  919 ent=0.1643 pred= 28 target= 28 correct=1 gate=N/A
[sample-info] i=  920 ent=0.3623 pred= 18 target= 30 correct=0 gate=N/A
[sample-info] i=  921 ent=0.0596 pred=  4 target=  4 correct=1 gate=N/A
[sample-info] i=  922 ent=0.0191 pred= 17 target= 17 correct=1 gate=N/A
[sample-info] i=  923 ent=0.0540 pred= 28 target= 28 correct=1 gate=N/A
[sample-info] i=  924 ent=0.0139 pred=  1 target=  1 correct=1 gate=N/A
[sample-info] i=  925 ent=0.2072 pred= 12 target= 33 correct=0 gate=N/A
[sample-info] i=  926 ent=0.1812 pred= 23 target= 33 correct=0 gate=N/A
[sample-info] i=  927 ent=0.3267 pred= 16 target= 22 correct=0 gate=N/A
[sample-info] i=  928 ent=0.0008 pred=  0 target=  0 correct=1 gate=N/A
[sample-info] i=  929 ent=0.1527 pred= 38 target=  4 correct=0 gate=N/A
[sample-info] i=  930 ent=0.1083 pred= 33 target= 33 correct=1 gate=N/A
[sample-info] i=  931 ent=0.1312 pred= 30 target= 30 correct=1 gate=N/A
[sample-info] i=  932 ent=0.0087 pred= 33 target= 33 correct=1 gate=N/A
[sample-info] i=  933 ent=0.0013 pred= 35 target= 35 correct=1 gate=N/A
[sample-info] i=  934 ent=0.0251 pred=  7 target=  7 correct=1 gate=N/A
[sample-info] i=  935 ent=0.2776 pred= 38 target= 38 correct=1 gate=N/A
[sample-info] i=  936 ent=0.2008 pred= 17 target= 17 correct=1 gate=N/A
[sample-info] i=  937 ent=0.3147 pred= 16 target= 21 correct=0 gate=N/A
[sample-info] i=  938 ent=0.1168 pred= 16 target= 16 correct=1 gate=N/A
[sample-info] i=  939 ent=0.0854 pred= 28 target= 28 correct=1 gate=N/A
[sample-info] i=  940 ent=0.1396 pred= 16 target= 16 correct=1 gate=N/A
[sample-info] i=  941 ent=0.1849 pred= 13 target= 21 correct=0 gate=N/A
[sample-info] i=  942 ent=0.0786 pred= 16 target= 16 correct=1 gate=N/A
[sample-info] i=  943 ent=0.0001 pred= 17 target= 17 correct=1 gate=N/A
[sample-info] i=  944 ent=0.0071 pred= 37 target= 37 correct=1 gate=N/A
[sample-info] i=  945 ent=0.0017 pred= 22 target= 22 correct=1 gate=N/A
[sample-info] i=  946 ent=0.2159 pred= 10 target= 37 correct=0 gate=N/A
[sample-info] i=  947 ent=0.1661 pred= 23 target= 23 correct=1 gate=N/A
[sample-info] i=  948 ent=0.0186 pred= 32 target= 32 correct=1 gate=N/A
[sample-info] i=  949 ent=0.1646 pred= 23 target= 36 correct=0 gate=N/A
[sample-info] i=  950 ent=0.0016 pred= 25 target= 25 correct=1 gate=N/A
[sample-info] i=  951 ent=0.1708 pred= 33 target= 33 correct=1 gate=N/A
[sample-info] i=  952 ent=0.1345 pred= 32 target= 32 correct=1 gate=N/A
[sample-info] i=  953 ent=0.0025 pred=  2 target=  2 correct=1 gate=N/A
[sample-info] i=  954 ent=0.1024 pred= 38 target=  4 correct=0 gate=N/A
[sample-info] i=  955 ent=0.3594 pred= 16 target= 21 correct=0 gate=N/A
[sample-info] i=  956 ent=0.0033 pred= 30 target= 30 correct=1 gate=N/A
[sample-info] i=  957 ent=0.0075 pred=  7 target=  7 correct=1 gate=N/A
[sample-info] i=  958 ent=0.0166 pred= 17 target= 17 correct=1 gate=N/A
[sample-info] i=  959 ent=0.2908 pred=  6 target= 37 correct=0 gate=N/A
[sample-info] i=  960 ent=0.0709 pred= 23 target= 23 correct=1 gate=N/A
[sample-info] i=  961 ent=0.0035 pred=  0 target=  0 correct=1 gate=N/A
[sample-info] i=  962 ent=0.1326 pred= 16 target= 16 correct=1 gate=N/A
[sample-info] i=  963 ent=0.0702 pred=  3 target= 30 correct=0 gate=N/A
[sample-info] i=  964 ent=0.0243 pred= 35 target= 35 correct=1 gate=N/A
[sample-info] i=  965 ent=0.0011 pred=  2 target=  2 correct=1 gate=N/A
[sample-info] i=  966 ent=0.2231 pred= 36 target= 36 correct=1 gate=N/A
[sample-info] i=  967 ent=0.0673 pred=  4 target=  4 correct=1 gate=N/A
[sample-info] i=  968 ent=0.1854 pred= 16 target= 36 correct=0 gate=N/A
[sample-info] i=  969 ent=0.2235 pred= 10 target= 37 correct=0 gate=N/A
[sample-info] i=  970 ent=0.0348 pred=  2 target=  2 correct=1 gate=N/A
[sample-info] i=  971 ent=0.0001 pred=  0 target=  0 correct=1 gate=N/A
[sample-info] i=  972 ent=0.1656 pred= 12 target= 12 correct=1 gate=N/A
[sample-info] i=  973 ent=0.3372 pred= 16 target= 16 correct=1 gate=N/A
[sample-info] i=  974 ent=0.2341 pred= 23 target= 36 correct=0 gate=N/A
[sample-info] i=  975 ent=0.0075 pred=  2 target=  2 correct=1 gate=N/A
[sample-info] i=  976 ent=0.2418 pred= 38 target= 21 correct=0 gate=N/A
[sample-info] i=  977 ent=0.3152 pred=  2 target=  2 correct=1 gate=N/A
[sample-info] i=  978 ent=0.0094 pred= 35 target= 35 correct=1 gate=N/A
[sample-info] i=  979 ent=0.0929 pred= 35 target= 35 correct=1 gate=N/A
[sample-info] i=  980 ent=0.1930 pred= 21 target= 28 correct=0 gate=N/A
[sample-info] i=  981 ent=0.0086 pred= 22 target= 22 correct=1 gate=N/A
[sample-info] i=  982 ent=0.0017 pred= 17 target= 17 correct=1 gate=N/A
[sample-info] i=  983 ent=0.5151 pred= 28 target= 31 correct=0 gate=N/A
[sample-info] i=  984 ent=0.1310 pred= 15 target= 26 correct=0 gate=N/A
[sample-info] i=  985 ent=0.0024 pred= 25 target= 25 correct=1 gate=N/A
[sample-info] i=  986 ent=0.0573 pred=  8 target=  8 correct=1 gate=N/A
[sample-info] i=  987 ent=0.0052 pred=  2 target=  2 correct=1 gate=N/A
[sample-info] i=  988 ent=0.0074 pred= 17 target= 17 correct=1 gate=N/A
[sample-info] i=  989 ent=0.0641 pred= 15 target= 26 correct=0 gate=N/A
[sample-info] i=  990 ent=0.0032 pred= 35 target= 35 correct=1 gate=N/A
[sample-info] i=  991 ent=0.0003 pred=  5 target=  5 correct=1 gate=N/A
[sample-info] i=  992 ent=0.1655 pred= 12 target= 12 correct=1 gate=N/A
[sample-info] i=  993 ent=0.0609 pred= 14 target= 14 correct=1 gate=N/A
[sample-info] i=  994 ent=0.0001 pred=  0 target=  0 correct=1 gate=N/A
[sample-info] i=  995 ent=0.0618 pred=  3 target=  8 correct=0 gate=N/A
[sample-info] i=  996 ent=0.1504 pred= 36 target= 36 correct=1 gate=N/A
[sample-info] i=  997 ent=0.0823 pred= 14 target= 14 correct=1 gate=N/A
[sample-info] i=  998 ent=0.0059 pred=  2 target=  2 correct=1 gate=N/A
[sample-info] i=  999 ent=0.0484 pred=  4 target=  4 correct=1 gate=N/A
[sample-info] i= 1000 ent=0.1504 pred= 28 target= 28 correct=1 gate=N/A
---- [hier] step 1000 test acc: 79.82. ----

[sample-info] i= 1001 ent=0.0003 pred=  5 target=  5 correct=1 gate=N/A
[sample-info] i= 1002 ent=0.1030 pred=  6 target= 37 correct=0 gate=N/A
[sample-info] i= 1003 ent=0.1368 pred= 29 target=  1 correct=0 gate=N/A
[sample-info] i= 1004 ent=0.2734 pred= 23 target= 23 correct=1 gate=N/A
[sample-info] i= 1005 ent=0.3247 pred= 28 target= 21 correct=0 gate=N/A
[sample-info] i= 1006 ent=0.3728 pred=  5 target=  5 correct=1 gate=N/A
[sample-info] i= 1007 ent=0.0311 pred= 25 target= 25 correct=1 gate=N/A
[sample-info] i= 1008 ent=0.0577 pred=  4 target= 36 correct=0 gate=N/A
[sample-info] i= 1009 ent=0.2844 pred= 11 target= 26 correct=0 gate=N/A
[sample-info] i= 1010 ent=0.1941 pred=  6 target=  1 correct=0 gate=N/A
[sample-info] i= 1011 ent=0.0215 pred= 28 target= 28 correct=1 gate=N/A
[sample-info] i= 1012 ent=0.0007 pred= 22 target= 22 correct=1 gate=N/A
[sample-info] i= 1013 ent=0.2039 pred= 23 target= 23 correct=1 gate=N/A
[sample-info] i= 1014 ent=0.0008 pred=  7 target=  7 correct=1 gate=N/A
[sample-info] i= 1015 ent=0.2910 pred= 17 target= 17 correct=1 gate=N/A
[sample-info] i= 1016 ent=0.0081 pred=  4 target=  4 correct=1 gate=N/A
[sample-info] i= 1017 ent=0.1299 pred= 15 target= 26 correct=0 gate=N/A
[sample-info] i= 1018 ent=0.0001 pred= 35 target= 35 correct=1 gate=N/A
[sample-info] i= 1019 ent=0.0281 pred= 15 target= 26 correct=0 gate=N/A
[sample-info] i= 1020 ent=0.0011 pred= 30 target= 30 correct=1 gate=N/A
[sample-info] i= 1021 ent=0.0510 pred= 22 target= 22 correct=1 gate=N/A
[sample-info] i= 1022 ent=0.0856 pred= 23 target= 14 correct=0 gate=N/A
[sample-info] i= 1023 ent=0.0446 pred= 12 target= 12 correct=1 gate=N/A
[sample-info] i= 1024 ent=0.0509 pred= 11 target= 11 correct=1 gate=N/A
[sample-info] i= 1025 ent=0.1234 pred= 16 target= 36 correct=0 gate=N/A
[sample-info] i= 1026 ent=0.1566 pred= 18 target= 18 correct=1 gate=N/A
[sample-info] i= 1027 ent=0.0909 pred=  1 target=  1 correct=1 gate=N/A
[sample-info] i= 1028 ent=0.0211 pred=  6 target=  6 correct=1 gate=N/A
[sample-info] i= 1029 ent=0.1736 pred= 35 target= 35 correct=1 gate=N/A
[sample-info] i= 1030 ent=0.2162 pred= 27 target= 27 correct=1 gate=N/A
[sample-info] i= 1031 ent=0.1299 pred= 23 target= 12 correct=0 gate=N/A
[sample-info] i= 1032 ent=0.0275 pred= 32 target= 32 correct=1 gate=N/A
[sample-info] i= 1033 ent=0.1744 pred= 30 target= 30 correct=1 gate=N/A
[sample-info] i= 1034 ent=0.0060 pred= 35 target= 35 correct=1 gate=N/A
[sample-info] i= 1035 ent=0.2202 pred=  5 target=  5 correct=1 gate=N/A
[sample-info] i= 1036 ent=0.1890 pred= 22 target= 22 correct=1 gate=N/A
[sample-info] i= 1037 ent=0.0007 pred=  0 target=  0 correct=1 gate=N/A
[sample-info] i= 1038 ent=0.0010 pred= 31 target= 31 correct=1 gate=N/A
[sample-info] i= 1039 ent=0.3076 pred= 33 target=  8 correct=0 gate=N/A
[sample-info] i= 1040 ent=0.0020 pred= 32 target= 32 correct=1 gate=N/A
[sample-info] i= 1041 ent=0.1622 pred= 14 target= 23 correct=0 gate=N/A
[sample-info] i= 1042 ent=0.0031 pred=  8 target=  8 correct=1 gate=N/A
[sample-info] i= 1043 ent=0.0013 pred= 35 target= 35 correct=1 gate=N/A
[sample-info] i= 1044 ent=0.0892 pred= 21 target= 28 correct=0 gate=N/A
[sample-info] i= 1045 ent=0.0004 pred=  7 target=  7 correct=1 gate=N/A
[sample-info] i= 1046 ent=0.0001 pred=  0 target=  0 correct=1 gate=N/A
[sample-info] i= 1047 ent=0.0665 pred= 36 target= 36 correct=1 gate=N/A
[sample-info] i= 1048 ent=0.0574 pred= 12 target= 12 correct=1 gate=N/A
[sample-info] i= 1049 ent=0.1254 pred= 33 target= 33 correct=1 gate=N/A
[sample-info] i= 1050 ent=0.0743 pred=  8 target=  8 correct=1 gate=N/A
[sample-info] i= 1051 ent=0.1587 pred= 23 target= 14 correct=0 gate=N/A
[sample-info] i= 1052 ent=0.0029 pred=  2 target=  2 correct=1 gate=N/A
[sample-info] i= 1053 ent=0.0190 pred=  4 target=  4 correct=1 gate=N/A
[sample-info] i= 1054 ent=0.0125 pred=  4 target=  4 correct=1 gate=N/A
[sample-info] i= 1055 ent=0.0009 pred= 22 target= 22 correct=1 gate=N/A
[sample-info] i= 1056 ent=0.1509 pred= 21 target= 21 correct=1 gate=N/A
[sample-info] i= 1057 ent=0.0012 pred= 35 target= 35 correct=1 gate=N/A
[sample-info] i= 1058 ent=0.0195 pred= 33 target= 33 correct=1 gate=N/A
[sample-info] i= 1059 ent=0.1536 pred= 11 target= 11 correct=1 gate=N/A
[sample-info] i= 1060 ent=0.1436 pred= 33 target= 12 correct=0 gate=N/A
[sample-info] i= 1061 ent=0.1432 pred= 30 target= 30 correct=1 gate=N/A
[sample-info] i= 1062 ent=0.0002 pred= 35 target= 35 correct=1 gate=N/A
[sample-info] i= 1063 ent=0.3010 pred= 29 target= 29 correct=1 gate=N/A
[sample-info] i= 1064 ent=0.1746 pred=  8 target=  8 correct=1 gate=N/A
[sample-info] i= 1065 ent=0.0011 pred= 17 target= 17 correct=1 gate=N/A
[sample-info] i= 1066 ent=0.0001 pred=  7 target=  7 correct=1 gate=N/A
[sample-info] i= 1067 ent=0.0493 pred= 28 target= 28 correct=1 gate=N/A
[sample-info] i= 1068 ent=0.0528 pred=  8 target=  8 correct=1 gate=N/A
[sample-info] i= 1069 ent=0.0051 pred= 30 target= 30 correct=1 gate=N/A
[sample-info] i= 1070 ent=0.0645 pred= 12 target= 12 correct=1 gate=N/A
[sample-info] i= 1071 ent=0.0216 pred= 37 target= 37 correct=1 gate=N/A
[sample-info] i= 1072 ent=0.0718 pred= 12 target= 12 correct=1 gate=N/A
[sample-info] i= 1073 ent=0.0621 pred= 23 target= 14 correct=0 gate=N/A
[sample-info] i= 1074 ent=0.0001 pred=  0 target=  0 correct=1 gate=N/A
[sample-info] i= 1075 ent=0.0075 pred= 28 target= 28 correct=1 gate=N/A
[sample-info] i= 1076 ent=0.0011 pred= 20 target= 20 correct=1 gate=N/A
[sample-info] i= 1077 ent=0.0001 pred= 17 target= 17 correct=1 gate=N/A
[sample-info] i= 1078 ent=0.0967 pred= 33 target= 33 correct=1 gate=N/A
[sample-info] i= 1079 ent=0.0886 pred= 38 target= 14 correct=0 gate=N/A
[sample-info] i= 1080 ent=0.0017 pred=  9 target=  9 correct=1 gate=N/A
[sample-info] i= 1081 ent=0.0087 pred= 24 target= 24 correct=1 gate=N/A
[sample-info] i= 1082 ent=0.0002 pred= 25 target= 25 correct=1 gate=N/A
[sample-info] i= 1083 ent=0.0031 pred= 35 target= 35 correct=1 gate=N/A
[sample-info] i= 1084 ent=0.2661 pred= 23 target= 12 correct=0 gate=N/A
[sample-info] i= 1085 ent=0.0009 pred=  5 target=  5 correct=1 gate=N/A
[sample-info] i= 1086 ent=0.0008 pred= 19 target= 19 correct=1 gate=N/A
[sample-info] i= 1087 ent=0.1448 pred= 38 target= 14 correct=0 gate=N/A
[sample-info] i= 1088 ent=0.2246 pred= 36 target= 36 correct=1 gate=N/A
[sample-info] i= 1089 ent=0.0004 pred=  7 target=  7 correct=1 gate=N/A
[sample-info] i= 1090 ent=0.2158 pred= 28 target= 28 correct=1 gate=N/A
[sample-info] i= 1091 ent=0.0124 pred=  8 target=  8 correct=1 gate=N/A
[sample-info] i= 1092 ent=0.3306 pred= 36 target= 21 correct=0 gate=N/A
[sample-info] i= 1093 ent=0.0728 pred=  1 target= 35 correct=0 gate=N/A
[sample-info] i= 1094 ent=0.0001 pred= 26 target= 26 correct=1 gate=N/A
[sample-info] i= 1095 ent=0.1610 pred= 16 target= 16 correct=1 gate=N/A
[sample-info] i= 1096 ent=0.0959 pred= 22 target= 22 correct=1 gate=N/A
[sample-info] i= 1097 ent=0.0002 pred= 17 target= 17 correct=1 gate=N/A
[sample-info] i= 1098 ent=0.0015 pred= 17 target= 17 correct=1 gate=N/A
[sample-info] i= 1099 ent=0.0373 pred= 12 target= 12 correct=1 gate=N/A
[sample-info] i= 1100 ent=0.0067 pred= 19 target= 19 correct=1 gate=N/A
[sample-info] i= 1101 ent=0.0541 pred= 14 target= 14 correct=1 gate=N/A
[sample-info] i= 1102 ent=0.0037 pred= 35 target= 35 correct=1 gate=N/A
[sample-info] i= 1103 ent=0.1405 pred= 14 target= 38 correct=0 gate=N/A
[sample-info] i= 1104 ent=0.0430 pred=  1 target= 10 correct=0 gate=N/A
[sample-info] i= 1105 ent=0.0013 pred= 35 target= 35 correct=1 gate=N/A
[sample-info] i= 1106 ent=0.0473 pred=  8 target=  8 correct=1 gate=N/A
[sample-info] i= 1107 ent=0.0001 pred=  0 target=  0 correct=1 gate=N/A
[sample-info] i= 1108 ent=0.0080 pred=  2 target=  2 correct=1 gate=N/A
[sample-info] i= 1109 ent=0.1617 pred=  4 target= 12 correct=0 gate=N/A
[sample-info] i= 1110 ent=0.0002 pred=  0 target=  0 correct=1 gate=N/A
[sample-info] i= 1111 ent=0.1970 pred= 26 target= 26 correct=1 gate=N/A
[sample-info] i= 1112 ent=0.1383 pred= 33 target= 33 correct=1 gate=N/A
[sample-info] i= 1113 ent=0.0034 pred= 13 target= 13 correct=1 gate=N/A
[sample-info] i= 1114 ent=0.0209 pred= 31 target= 31 correct=1 gate=N/A
[sample-info] i= 1115 ent=0.1903 pred=  5 target=  5 correct=1 gate=N/A
[sample-info] i= 1116 ent=0.0714 pred= 30 target= 30 correct=1 gate=N/A
[sample-info] i= 1117 ent=0.2336 pred= 38 target= 23 correct=0 gate=N/A
[sample-info] i= 1118 ent=0.0002 pred=  0 target=  0 correct=1 gate=N/A
[sample-info] i= 1119 ent=0.0029 pred= 29 target= 29 correct=1 gate=N/A
[sample-info] i= 1120 ent=0.0023 pred= 13 target= 13 correct=1 gate=N/A
[sample-info] i= 1121 ent=0.1289 pred= 23 target= 23 correct=1 gate=N/A
[sample-info] i= 1122 ent=0.0004 pred= 17 target= 17 correct=1 gate=N/A
[sample-info] i= 1123 ent=0.0101 pred=  7 target=  7 correct=1 gate=N/A
[sample-info] i= 1124 ent=0.2595 pred= 16 target= 21 correct=0 gate=N/A
[sample-info] i= 1125 ent=0.0013 pred=  3 target=  3 correct=1 gate=N/A
[sample-info] i= 1126 ent=0.2612 pred= 36 target= 27 correct=0 gate=N/A
[sample-info] i= 1127 ent=0.2257 pred= 16 target= 16 correct=1 gate=N/A
[sample-info] i= 1128 ent=0.0216 pred= 28 target= 28 correct=1 gate=N/A
[sample-info] i= 1129 ent=0.0029 pred=  5 target=  5 correct=1 gate=N/A
[sample-info] i= 1130 ent=0.1697 pred=  4 target= 36 correct=0 gate=N/A
[sample-info] i= 1131 ent=0.0159 pred=  8 target=  8 correct=1 gate=N/A
[sample-info] i= 1132 ent=0.0474 pred=  4 target=  4 correct=1 gate=N/A
[sample-info] i= 1133 ent=0.1461 pred= 27 target= 23 correct=0 gate=N/A
[sample-info] i= 1134 ent=0.0001 pred=  0 target=  0 correct=1 gate=N/A
[sample-info] i= 1135 ent=0.0005 pred= 22 target= 22 correct=1 gate=N/A
[sample-info] i= 1136 ent=0.0002 pred=  0 target=  0 correct=1 gate=N/A
[sample-info] i= 1137 ent=0.0002 pred= 25 target= 25 correct=1 gate=N/A
[sample-info] i= 1138 ent=0.0230 pred=  1 target=  1 correct=1 gate=N/A
[sample-info] i= 1139 ent=0.0722 pred= 12 target= 12 correct=1 gate=N/A
[sample-info] i= 1140 ent=0.0055 pred=  8 target=  8 correct=1 gate=N/A
[sample-info] i= 1141 ent=0.1059 pred= 16 target= 16 correct=1 gate=N/A
[sample-info] i= 1142 ent=0.0094 pred= 30 target= 30 correct=1 gate=N/A
[sample-info] i= 1143 ent=0.0157 pred=  8 target=  8 correct=1 gate=N/A
[sample-info] i= 1144 ent=0.0847 pred= 17 target= 17 correct=1 gate=N/A
[sample-info] i= 1145 ent=0.0004 pred=  0 target=  0 correct=1 gate=N/A
[sample-info] i= 1146 ent=0.0001 pred=  0 target=  0 correct=1 gate=N/A
[sample-info] i= 1147 ent=0.3618 pred= 36 target= 16 correct=0 gate=N/A
[sample-info] i= 1148 ent=0.0278 pred=  4 target=  4 correct=1 gate=N/A
[sample-info] i= 1149 ent=0.0325 pred=  7 target=  7 correct=1 gate=N/A
[sample-info] i= 1150 ent=0.0769 pred=  8 target=  8 correct=1 gate=N/A
[sample-info] i= 1151 ent=0.0440 pred= 26 target= 26 correct=1 gate=N/A
[sample-info] i= 1152 ent=0.0001 pred=  5 target=  5 correct=1 gate=N/A
[sample-info] i= 1153 ent=0.1439 pred=  4 target= 21 correct=0 gate=N/A
[sample-info] i= 1154 ent=0.0812 pred= 16 target= 16 correct=1 gate=N/A
[sample-info] i= 1155 ent=0.0003 pred=  2 target=  2 correct=1 gate=N/A
[sample-info] i= 1156 ent=0.0043 pred= 31 target= 31 correct=1 gate=N/A
[sample-info] i= 1157 ent=0.0116 pred= 37 target= 37 correct=1 gate=N/A
[sample-info] i= 1158 ent=0.0044 pred=  3 target=  3 correct=1 gate=N/A
[sample-info] i= 1159 ent=0.0108 pred= 24 target= 24 correct=1 gate=N/A
[sample-info] i= 1160 ent=0.0019 pred= 35 target= 35 correct=1 gate=N/A
[sample-info] i= 1161 ent=0.0001 pred= 13 target= 13 correct=1 gate=N/A
[sample-info] i= 1162 ent=0.3450 pred= 16 target= 23 correct=0 gate=N/A
[sample-info] i= 1163 ent=0.1940 pred= 23 target= 33 correct=0 gate=N/A
[sample-info] i= 1164 ent=0.1892 pred= 12 target= 12 correct=1 gate=N/A
[sample-info] i= 1165 ent=0.3589 pred= 36 target= 21 correct=0 gate=N/A
[sample-info] i= 1166 ent=0.0159 pred= 28 target= 28 correct=1 gate=N/A
[sample-info] i= 1167 ent=0.0022 pred= 32 target= 32 correct=1 gate=N/A
[sample-info] i= 1168 ent=0.3447 pred= 27 target= 27 correct=1 gate=N/A
[sample-info] i= 1169 ent=0.1433 pred=  3 target= 25 correct=0 gate=N/A
[sample-info] i= 1170 ent=0.1545 pred= 25 target= 25 correct=1 gate=N/A
[sample-info] i= 1171 ent=0.1639 pred= 16 target= 16 correct=1 gate=N/A
[sample-info] i= 1172 ent=0.0796 pred= 17 target= 17 correct=1 gate=N/A
[sample-info] i= 1173 ent=0.2583 pred= 16 target= 16 correct=1 gate=N/A
[sample-info] i= 1174 ent=0.1826 pred= 16 target= 16 correct=1 gate=N/A
[sample-info] i= 1175 ent=0.1198 pred= 28 target= 28 correct=1 gate=N/A
[sample-info] i= 1176 ent=0.0024 pred=  7 target=  7 correct=1 gate=N/A
[sample-info] i= 1177 ent=0.2573 pred= 14 target= 14 correct=1 gate=N/A
[sample-info] i= 1178 ent=0.1224 pred=  5 target=  5 correct=1 gate=N/A
[sample-info] i= 1179 ent=0.0001 pred=  0 target=  0 correct=1 gate=N/A
[sample-info] i= 1180 ent=0.0721 pred= 31 target= 31 correct=1 gate=N/A
[sample-info] i= 1181 ent=0.0015 pred= 34 target= 34 correct=1 gate=N/A
[sample-info] i= 1182 ent=0.1091 pred= 15 target= 26 correct=0 gate=N/A
[sample-info] i= 1183 ent=0.3552 pred= 16 target= 16 correct=1 gate=N/A
[sample-info] i= 1184 ent=0.0617 pred=  5 target=  5 correct=1 gate=N/A
[sample-info] i= 1185 ent=0.0192 pred=  4 target=  4 correct=1 gate=N/A
[sample-info] i= 1186 ent=0.0164 pred= 30 target= 30 correct=1 gate=N/A
[sample-info] i= 1187 ent=0.0849 pred= 16 target= 16 correct=1 gate=N/A
[sample-info] i= 1188 ent=0.2524 pred= 16 target= 16 correct=1 gate=N/A
[sample-info] i= 1189 ent=0.0129 pred= 35 target= 35 correct=1 gate=N/A
[sample-info] i= 1190 ent=0.0530 pred= 25 target= 21 correct=0 gate=N/A
[sample-info] i= 1191 ent=0.2712 pred= 36 target= 36 correct=1 gate=N/A
[sample-info] i= 1192 ent=0.0190 pred= 25 target= 25 correct=1 gate=N/A
[sample-info] i= 1193 ent=0.0207 pred=  2 target=  2 correct=1 gate=N/A
[sample-info] i= 1194 ent=0.0008 pred= 28 target= 28 correct=1 gate=N/A
[sample-info] i= 1195 ent=0.0295 pred= 33 target= 33 correct=1 gate=N/A
[sample-info] i= 1196 ent=0.0012 pred=  7 target=  7 correct=1 gate=N/A
[sample-info] i= 1197 ent=0.4326 pred= 16 target= 28 correct=0 gate=N/A
[sample-info] i= 1198 ent=0.0236 pred= 33 target= 33 correct=1 gate=N/A
[sample-info] i= 1199 ent=0.0001 pred=  0 target=  0 correct=1 gate=N/A
[sample-info] i= 1200 ent=0.0000 pred=  9 target=  9 correct=1 gate=N/A
[sample-info] i= 1201 ent=0.1088 pred=  4 target=  4 correct=1 gate=N/A
[sample-info] i= 1202 ent=0.0020 pred= 22 target= 22 correct=1 gate=N/A
[sample-info] i= 1203 ent=0.2759 pred= 36 target= 36 correct=1 gate=N/A
[sample-info] i= 1204 ent=0.1169 pred=  4 target=  4 correct=1 gate=N/A
[sample-info] i= 1205 ent=0.2213 pred= 12 target= 33 correct=0 gate=N/A
[sample-info] i= 1206 ent=0.0105 pred=  2 target=  2 correct=1 gate=N/A
[sample-info] i= 1207 ent=0.1498 pred= 37 target= 26 correct=0 gate=N/A
[sample-info] i= 1208 ent=0.1245 pred= 14 target= 14 correct=1 gate=N/A
[sample-info] i= 1209 ent=0.2974 pred= 16 target=  1 correct=0 gate=N/A
[sample-info] i= 1210 ent=0.0022 pred= 30 target= 30 correct=1 gate=N/A
[sample-info] i= 1211 ent=0.0416 pred= 30 target= 30 correct=1 gate=N/A
[sample-info] i= 1212 ent=0.0015 pred=  1 target=  1 correct=1 gate=N/A
[sample-info] i= 1213 ent=0.0080 pred= 25 target= 25 correct=1 gate=N/A
[sample-info] i= 1214 ent=0.2717 pred= 23 target= 12 correct=0 gate=N/A
[sample-info] i= 1215 ent=0.0068 pred= 30 target= 30 correct=1 gate=N/A
[sample-info] i= 1216 ent=0.3992 pred= 23 target= 14 correct=0 gate=N/A
[sample-info] i= 1217 ent=0.3540 pred= 16 target= 39 correct=0 gate=N/A
[sample-info] i= 1218 ent=0.1519 pred= 38 target= 36 correct=0 gate=N/A
[sample-info] i= 1219 ent=0.0177 pred=  8 target=  8 correct=1 gate=N/A
[sample-info] i= 1220 ent=0.0054 pred=  4 target=  4 correct=1 gate=N/A
[sample-info] i= 1221 ent=0.4614 pred= 22 target= 39 correct=0 gate=N/A
[sample-info] i= 1222 ent=0.0001 pred=  5 target=  5 correct=1 gate=N/A
[sample-info] i= 1223 ent=0.2303 pred= 34 target= 34 correct=1 gate=N/A
[sample-info] i= 1224 ent=0.0398 pred= 37 target= 37 correct=1 gate=N/A
[sample-info] i= 1225 ent=0.0002 pred= 25 target= 25 correct=1 gate=N/A
[sample-info] i= 1226 ent=0.0026 pred=  2 target=  2 correct=1 gate=N/A
[sample-info] i= 1227 ent=0.3882 pred= 16 target= 21 correct=0 gate=N/A
[sample-info] i= 1228 ent=0.0744 pred= 26 target= 26 correct=1 gate=N/A
[sample-info] i= 1229 ent=0.0001 pred=  0 target=  0 correct=1 gate=N/A
[sample-info] i= 1230 ent=0.0016 pred= 31 target= 31 correct=1 gate=N/A
[sample-info] i= 1231 ent=0.2222 pred=  4 target= 36 correct=0 gate=N/A
[sample-info] i= 1232 ent=0.2595 pred= 38 target= 21 correct=0 gate=N/A
[sample-info] i= 1233 ent=0.2048 pred= 14 target= 23 correct=0 gate=N/A
[sample-info] i= 1234 ent=0.2145 pred= 12 target= 33 correct=0 gate=N/A
[sample-info] i= 1235 ent=0.1823 pred= 16 target= 16 correct=1 gate=N/A
[sample-info] i= 1236 ent=0.0039 pred=  2 target= 30 correct=0 gate=N/A
[sample-info] i= 1237 ent=0.0239 pred= 22 target= 22 correct=1 gate=N/A
[sample-info] i= 1238 ent=0.0003 pred= 17 target= 17 correct=1 gate=N/A
[sample-info] i= 1239 ent=0.0001 pred= 17 target= 17 correct=1 gate=N/A
[sample-info] i= 1240 ent=0.0044 pred=  4 target=  4 correct=1 gate=N/A
[sample-info] i= 1241 ent=0.0005 pred= 25 target= 25 correct=1 gate=N/A
[sample-info] i= 1242 ent=0.1453 pred= 37 target= 26 correct=0 gate=N/A
[sample-info] i= 1243 ent=0.1001 pred=  5 target=  5 correct=1 gate=N/A
[sample-info] i= 1244 ent=0.0086 pred= 26 target= 26 correct=1 gate=N/A
[sample-info] i= 1245 ent=0.0011 pred= 27 target= 27 correct=1 gate=N/A
[sample-info] i= 1246 ent=0.0488 pred= 12 target= 12 correct=1 gate=N/A
[sample-info] i= 1247 ent=0.0269 pred= 28 target= 28 correct=1 gate=N/A
[sample-info] i= 1248 ent=0.0106 pred= 37 target= 37 correct=1 gate=N/A
[sample-info] i= 1249 ent=0.2134 pred= 23 target= 21 correct=0 gate=N/A
[sample-info] i= 1250 ent=0.0483 pred= 17 target= 17 correct=1 gate=N/A
[sample-info] i= 1251 ent=0.0129 pred= 19 target= 19 correct=1 gate=N/A
[sample-info] i= 1252 ent=0.4392 pred= 27 target= 27 correct=1 gate=N/A
[sample-info] i= 1253 ent=0.0679 pred= 19 target= 19 correct=1 gate=N/A
[sample-info] i= 1254 ent=0.0320 pred= 31 target= 31 correct=1 gate=N/A
[sample-info] i= 1255 ent=0.0683 pred= 33 target= 33 correct=1 gate=N/A
[sample-info] i= 1256 ent=0.0001 pred= 35 target= 35 correct=1 gate=N/A
[sample-info] i= 1257 ent=0.0005 pred= 35 target= 35 correct=1 gate=N/A
[sample-info] i= 1258 ent=0.0399 pred= 36 target= 36 correct=1 gate=N/A
[sample-info] i= 1259 ent=0.1285 pred= 26 target= 26 correct=1 gate=N/A
[sample-info] i= 1260 ent=0.0803 pred=  5 target= 39 correct=0 gate=N/A
[sample-info] i= 1261 ent=0.2063 pred= 36 target= 36 correct=1 gate=N/A
[sample-info] i= 1262 ent=0.0008 pred= 34 target= 34 correct=1 gate=N/A
[sample-info] i= 1263 ent=0.1930 pred= 35 target= 35 correct=1 gate=N/A
[sample-info] i= 1264 ent=0.0406 pred= 28 target= 28 correct=1 gate=N/A
[sample-info] i= 1265 ent=0.0116 pred= 30 target= 30 correct=1 gate=N/A
[sample-info] i= 1266 ent=0.0736 pred= 18 target= 18 correct=1 gate=N/A
[sample-info] i= 1267 ent=0.0244 pred= 22 target= 22 correct=1 gate=N/A
[sample-info] i= 1268 ent=0.1753 pred=  6 target=  1 correct=0 gate=N/A
[sample-info] i= 1269 ent=0.0001 pred= 26 target= 26 correct=1 gate=N/A
[sample-info] i= 1270 ent=0.0014 pred=  7 target=  7 correct=1 gate=N/A
[sample-info] i= 1271 ent=0.1383 pred=  9 target=  9 correct=1 gate=N/A
[sample-info] i= 1272 ent=0.0155 pred=  4 target=  4 correct=1 gate=N/A
[sample-info] i= 1273 ent=0.0913 pred= 25 target= 25 correct=1 gate=N/A
[sample-info] i= 1274 ent=0.0001 pred=  0 target=  0 correct=1 gate=N/A
[sample-info] i= 1275 ent=0.1099 pred= 15 target= 26 correct=0 gate=N/A
[sample-info] i= 1276 ent=0.0011 pred= 24 target= 24 correct=1 gate=N/A
[sample-info] i= 1277 ent=0.0237 pred=  4 target=  4 correct=1 gate=N/A
[sample-info] i= 1278 ent=0.0144 pred= 33 target= 33 correct=1 gate=N/A
[sample-info] i= 1279 ent=0.0004 pred= 35 target= 35 correct=1 gate=N/A
[sample-info] i= 1280 ent=0.1335 pred= 36 target=  3 correct=0 gate=N/A
[sample-info] i= 1281 ent=0.1444 pred= 20 target= 20 correct=1 gate=N/A
[sample-info] i= 1282 ent=0.1444 pred= 33 target= 33 correct=1 gate=N/A
[sample-info] i= 1283 ent=0.1422 pred=  4 target=  4 correct=1 gate=N/A
[sample-info] i= 1284 ent=0.0006 pred= 17 target= 17 correct=1 gate=N/A
[sample-info] i= 1285 ent=0.0622 pred=  5 target=  5 correct=1 gate=N/A
[sample-info] i= 1286 ent=0.0003 pred=  7 target=  7 correct=1 gate=N/A
[sample-info] i= 1287 ent=0.0195 pred=  9 target=  9 correct=1 gate=N/A
[sample-info] i= 1288 ent=0.0039 pred= 30 target= 30 correct=1 gate=N/A
[sample-info] i= 1289 ent=0.0197 pred=  2 target= 30 correct=0 gate=N/A
[sample-info] i= 1290 ent=0.0074 pred=  5 target=  5 correct=1 gate=N/A
[sample-info] i= 1291 ent=0.0636 pred= 36 target= 36 correct=1 gate=N/A
[sample-info] i= 1292 ent=0.1976 pred= 23 target= 14 correct=0 gate=N/A
[sample-info] i= 1293 ent=0.1201 pred= 16 target= 16 correct=1 gate=N/A
[sample-info] i= 1294 ent=0.2206 pred= 23 target= 21 correct=0 gate=N/A
[sample-info] i= 1295 ent=0.0087 pred= 13 target= 13 correct=1 gate=N/A
[sample-info] i= 1296 ent=0.0005 pred= 18 target= 18 correct=1 gate=N/A
[sample-info] i= 1297 ent=0.0007 pred= 20 target= 20 correct=1 gate=N/A
[sample-info] i= 1298 ent=0.1276 pred=  1 target=  1 correct=1 gate=N/A
[sample-info] i= 1299 ent=0.0083 pred= 37 target= 15 correct=0 gate=N/A
[sample-info] i= 1300 ent=0.0016 pred= 22 target= 22 correct=1 gate=N/A
[sample-info] i= 1301 ent=0.4812 pred= 36 target= 36 correct=1 gate=N/A
[sample-info] i= 1302 ent=0.0004 pred=  5 target=  5 correct=1 gate=N/A
[sample-info] i= 1303 ent=0.2805 pred= 36 target= 36 correct=1 gate=N/A
[sample-info] i= 1304 ent=0.0550 pred= 26 target= 26 correct=1 gate=N/A
[sample-info] i= 1305 ent=0.0395 pred= 30 target= 30 correct=1 gate=N/A
[sample-info] i= 1306 ent=0.0356 pred=  5 target=  5 correct=1 gate=N/A
[sample-info] i= 1307 ent=0.2369 pred= 37 target= 37 correct=1 gate=N/A
[sample-info] i= 1308 ent=0.3340 pred= 22 target= 39 correct=0 gate=N/A
[sample-info] i= 1309 ent=0.0001 pred= 25 target= 25 correct=1 gate=N/A
[sample-info] i= 1310 ent=0.2311 pred=  3 target= 33 correct=0 gate=N/A
[sample-info] i= 1311 ent=0.1749 pred= 16 target= 16 correct=1 gate=N/A
[sample-info] i= 1312 ent=0.1636 pred= 21 target= 28 correct=0 gate=N/A
[sample-info] i= 1313 ent=0.0005 pred=  7 target=  7 correct=1 gate=N/A
[sample-info] i= 1314 ent=0.0529 pred= 12 target= 12 correct=1 gate=N/A
[sample-info] i= 1315 ent=0.0095 pred= 25 target= 25 correct=1 gate=N/A
[sample-info] i= 1316 ent=0.0001 pred= 17 target= 17 correct=1 gate=N/A
[sample-info] i= 1317 ent=0.0003 pred= 17 target= 17 correct=1 gate=N/A
[sample-info] i= 1318 ent=0.0283 pred= 37 target= 37 correct=1 gate=N/A
[sample-info] i= 1319 ent=0.1475 pred= 16 target= 16 correct=1 gate=N/A
[sample-info] i= 1320 ent=0.0441 pred= 22 target= 22 correct=1 gate=N/A
[sample-info] i= 1321 ent=0.1194 pred=  4 target=  4 correct=1 gate=N/A
[sample-info] i= 1322 ent=0.0139 pred= 24 target= 24 correct=1 gate=N/A
[sample-info] i= 1323 ent=0.0012 pred=  7 target=  7 correct=1 gate=N/A
[sample-info] i= 1324 ent=0.0439 pred= 33 target= 33 correct=1 gate=N/A
[sample-info] i= 1325 ent=0.0876 pred= 29 target=  1 correct=0 gate=N/A
[sample-info] i= 1326 ent=0.0014 pred= 25 target= 25 correct=1 gate=N/A
[sample-info] i= 1327 ent=0.0001 pred=  0 target=  0 correct=1 gate=N/A
[sample-info] i= 1328 ent=0.0004 pred=  5 target= 37 correct=0 gate=N/A
[sample-info] i= 1329 ent=0.1306 pred= 26 target= 26 correct=1 gate=N/A
[sample-info] i= 1330 ent=0.0357 pred= 16 target= 16 correct=1 gate=N/A
[sample-info] i= 1331 ent=0.2323 pred= 23 target= 33 correct=0 gate=N/A
[sample-info] i= 1332 ent=0.0034 pred= 35 target= 35 correct=1 gate=N/A
[sample-info] i= 1333 ent=0.0625 pred= 25 target= 25 correct=1 gate=N/A
[sample-info] i= 1334 ent=0.0110 pred=  8 target=  8 correct=1 gate=N/A
[sample-info] i= 1335 ent=0.0144 pred= 30 target= 30 correct=1 gate=N/A
[sample-info] i= 1336 ent=0.0016 pred= 35 target= 35 correct=1 gate=N/A
[sample-info] i= 1337 ent=0.0003 pred=  7 target=  7 correct=1 gate=N/A
[sample-info] i= 1338 ent=0.0004 pred= 17 target= 17 correct=1 gate=N/A
[sample-info] i= 1339 ent=0.0003 pred=  9 target=  9 correct=1 gate=N/A
[sample-info] i= 1340 ent=0.0273 pred= 35 target= 35 correct=1 gate=N/A
[sample-info] i= 1341 ent=0.0525 pred= 26 target= 26 correct=1 gate=N/A
[sample-info] i= 1342 ent=0.0836 pred= 14 target= 14 correct=1 gate=N/A
[sample-info] i= 1343 ent=0.3149 pred= 23 target= 14 correct=0 gate=N/A
[sample-info] i= 1344 ent=0.0994 pred= 25 target= 25 correct=1 gate=N/A
[sample-info] i= 1345 ent=0.0137 pred= 29 target= 29 correct=1 gate=N/A
[sample-info] i= 1346 ent=0.0426 pred=  8 target=  8 correct=1 gate=N/A
[sample-info] i= 1347 ent=0.1812 pred= 37 target= 37 correct=1 gate=N/A
[sample-info] i= 1348 ent=0.0021 pred=  7 target=  7 correct=1 gate=N/A
[sample-info] i= 1349 ent=0.0004 pred= 35 target= 35 correct=1 gate=N/A
[sample-info] i= 1350 ent=0.0068 pred= 35 target= 35 correct=1 gate=N/A
[sample-info] i= 1351 ent=0.1910 pred= 14 target= 23 correct=0 gate=N/A
[sample-info] i= 1352 ent=0.0583 pred= 14 target= 23 correct=0 gate=N/A
[sample-info] i= 1353 ent=0.0202 pred=  7 target=  7 correct=1 gate=N/A
[sample-info] i= 1354 ent=0.0009 pred= 31 target= 31 correct=1 gate=N/A
[sample-info] i= 1355 ent=0.3667 pred= 36 target= 21 correct=0 gate=N/A
[sample-info] i= 1356 ent=0.0614 pred= 14 target= 23 correct=0 gate=N/A
[sample-info] i= 1357 ent=0.0160 pred= 37 target= 37 correct=1 gate=N/A
[sample-info] i= 1358 ent=0.0056 pred=  4 target=  4 correct=1 gate=N/A
[sample-info] i= 1359 ent=0.3252 pred= 36 target= 21 correct=0 gate=N/A
[sample-info] i= 1360 ent=0.1090 pred=  1 target=  1 correct=1 gate=N/A
[sample-info] i= 1361 ent=0.0880 pred= 16 target= 16 correct=1 gate=N/A
[sample-info] i= 1362 ent=0.0006 pred=  5 target=  5 correct=1 gate=N/A
[sample-info] i= 1363 ent=0.2966 pred= 26 target= 26 correct=1 gate=N/A
[sample-info] i= 1364 ent=0.2031 pred= 16 target= 23 correct=0 gate=N/A
[sample-info] i= 1365 ent=0.1653 pred= 33 target= 33 correct=1 gate=N/A
[sample-info] i= 1366 ent=0.0267 pred= 33 target= 33 correct=1 gate=N/A
[sample-info] i= 1367 ent=0.1365 pred= 32 target=  8 correct=0 gate=N/A
[sample-info] i= 1368 ent=0.0147 pred= 30 target= 30 correct=1 gate=N/A
[sample-info] i= 1369 ent=0.1083 pred= 33 target= 33 correct=1 gate=N/A
[sample-info] i= 1370 ent=0.0297 pred= 24 target= 24 correct=1 gate=N/A
[sample-info] i= 1371 ent=0.0004 pred= 18 target= 18 correct=1 gate=N/A
[sample-info] i= 1372 ent=0.2961 pred= 38 target= 21 correct=0 gate=N/A
[sample-info] i= 1373 ent=0.3916 pred= 27 target= 38 correct=0 gate=N/A
[sample-info] i= 1374 ent=0.0003 pred=  5 target=  5 correct=1 gate=N/A
[sample-info] i= 1375 ent=0.0004 pred= 22 target= 22 correct=1 gate=N/A
[sample-info] i= 1376 ent=0.2891 pred= 38 target= 12 correct=0 gate=N/A
[sample-info] i= 1377 ent=0.3064 pred= 36 target= 12 correct=0 gate=N/A
[sample-info] i= 1378 ent=0.1080 pred= 15 target= 37 correct=0 gate=N/A
[sample-info] i= 1379 ent=0.1819 pred= 12 target= 33 correct=0 gate=N/A
[sample-info] i= 1380 ent=0.1494 pred= 12 target= 12 correct=1 gate=N/A
[sample-info] i= 1381 ent=0.0014 pred= 22 target= 22 correct=1 gate=N/A
[sample-info] i= 1382 ent=0.0816 pred= 38 target= 38 correct=1 gate=N/A
[sample-info] i= 1383 ent=0.1740 pred= 36 target= 36 correct=1 gate=N/A
[sample-info] i= 1384 ent=0.0197 pred= 30 target= 30 correct=1 gate=N/A
[sample-info] i= 1385 ent=0.0626 pred=  4 target=  4 correct=1 gate=N/A
[sample-info] i= 1386 ent=0.0007 pred=  7 target=  7 correct=1 gate=N/A
[sample-info] i= 1387 ent=0.3916 pred= 28 target= 28 correct=1 gate=N/A
[sample-info] i= 1388 ent=0.0319 pred= 30 target= 30 correct=1 gate=N/A
[sample-info] i= 1389 ent=0.1104 pred= 33 target= 33 correct=1 gate=N/A
[sample-info] i= 1390 ent=0.0059 pred= 23 target= 23 correct=1 gate=N/A
[sample-info] i= 1391 ent=0.3044 pred= 16 target= 16 correct=1 gate=N/A
[sample-info] i= 1392 ent=0.2764 pred= 12 target= 21 correct=0 gate=N/A
[sample-info] i= 1393 ent=0.0001 pred=  5 target=  5 correct=1 gate=N/A
[sample-info] i= 1394 ent=0.0324 pred= 16 target= 16 correct=1 gate=N/A
[sample-info] i= 1395 ent=0.0820 pred=  5 target=  5 correct=1 gate=N/A
[sample-info] i= 1396 ent=0.1033 pred= 12 target= 12 correct=1 gate=N/A
[sample-info] i= 1397 ent=0.2393 pred= 16 target= 16 correct=1 gate=N/A
[sample-info] i= 1398 ent=0.0397 pred=  8 target=  8 correct=1 gate=N/A
[sample-info] i= 1399 ent=0.3118 pred= 21 target= 21 correct=1 gate=N/A
[sample-info] i= 1400 ent=0.4629 pred= 10 target= 35 correct=0 gate=N/A
[sample-info] i= 1401 ent=0.0064 pred=  6 target=  6 correct=1 gate=N/A
[sample-info] i= 1402 ent=0.0004 pred=  5 target=  5 correct=1 gate=N/A
[sample-info] i= 1403 ent=0.0100 pred= 22 target= 22 correct=1 gate=N/A
[sample-info] i= 1404 ent=0.2009 pred= 16 target= 14 correct=0 gate=N/A
[sample-info] i= 1405 ent=0.0095 pred=  2 target=  2 correct=1 gate=N/A
[sample-info] i= 1406 ent=0.3450 pred= 36 target= 14 correct=0 gate=N/A
[sample-info] i= 1407 ent=0.3616 pred= 36 target= 22 correct=0 gate=N/A
[sample-info] i= 1408 ent=0.0330 pred=  7 target=  7 correct=1 gate=N/A
[sample-info] i= 1409 ent=0.0396 pred= 33 target= 33 correct=1 gate=N/A
[sample-info] i= 1410 ent=0.1620 pred= 38 target=  4 correct=0 gate=N/A
[sample-info] i= 1411 ent=0.0006 pred= 20 target= 20 correct=1 gate=N/A
[sample-info] i= 1412 ent=0.3440 pred= 11 target= 37 correct=0 gate=N/A
[sample-info] i= 1413 ent=0.1658 pred= 12 target= 33 correct=0 gate=N/A
[sample-info] i= 1414 ent=0.0013 pred= 22 target= 22 correct=1 gate=N/A
[sample-info] i= 1415 ent=0.0708 pred=  9 target= 34 correct=0 gate=N/A
[sample-info] i= 1416 ent=0.2056 pred= 27 target= 39 correct=0 gate=N/A
[sample-info] i= 1417 ent=0.1196 pred= 36 target= 36 correct=1 gate=N/A
[sample-info] i= 1418 ent=0.0826 pred= 14 target= 23 correct=0 gate=N/A
[sample-info] i= 1419 ent=0.0008 pred= 19 target= 19 correct=1 gate=N/A
[sample-info] i= 1420 ent=0.2498 pred= 17 target= 17 correct=1 gate=N/A
[sample-info] i= 1421 ent=0.0924 pred= 33 target= 33 correct=1 gate=N/A
[sample-info] i= 1422 ent=0.0035 pred= 25 target= 25 correct=1 gate=N/A
[sample-info] i= 1423 ent=0.0065 pred=  6 target=  6 correct=1 gate=N/A
[sample-info] i= 1424 ent=0.0002 pred= 35 target= 35 correct=1 gate=N/A
[sample-info] i= 1425 ent=0.0709 pred= 14 target= 14 correct=1 gate=N/A
[sample-info] i= 1426 ent=0.0797 pred= 12 target= 12 correct=1 gate=N/A
[sample-info] i= 1427 ent=0.2484 pred= 22 target= 22 correct=1 gate=N/A
[sample-info] i= 1428 ent=0.0005 pred= 20 target= 20 correct=1 gate=N/A
[sample-info] i= 1429 ent=0.3345 pred= 16 target= 16 correct=1 gate=N/A
[sample-info] i= 1430 ent=0.0555 pred= 33 target= 36 correct=0 gate=N/A
[sample-info] i= 1431 ent=0.0001 pred=  0 target=  0 correct=1 gate=N/A
[sample-info] i= 1432 ent=0.0002 pred=  0 target=  0 correct=1 gate=N/A
[sample-info] i= 1433 ent=0.2180 pred= 18 target= 25 correct=0 gate=N/A
[sample-info] i= 1434 ent=0.0108 pred=  4 target=  4 correct=1 gate=N/A
[sample-info] i= 1435 ent=0.1359 pred= 36 target= 36 correct=1 gate=N/A
[sample-info] i= 1436 ent=0.0107 pred= 37 target= 37 correct=1 gate=N/A
[sample-info] i= 1437 ent=0.0116 pred= 22 target= 22 correct=1 gate=N/A
[sample-info] i= 1438 ent=0.0001 pred=  0 target=  0 correct=1 gate=N/A
[sample-info] i= 1439 ent=0.1796 pred= 33 target= 33 correct=1 gate=N/A
[sample-info] i= 1440 ent=0.0013 pred=  5 target=  5 correct=1 gate=N/A
[sample-info] i= 1441 ent=0.0065 pred= 28 target= 28 correct=1 gate=N/A
[sample-info] i= 1442 ent=0.0886 pred=  6 target=  1 correct=0 gate=N/A
[sample-info] i= 1443 ent=0.0070 pred=  2 target=  2 correct=1 gate=N/A
[sample-info] i= 1444 ent=0.4629 pred= 13 target= 31 correct=0 gate=N/A
[sample-info] i= 1445 ent=0.0196 pred=  5 target=  5 correct=1 gate=N/A
[sample-info] i= 1446 ent=0.1654 pred= 28 target= 28 correct=1 gate=N/A
[sample-info] i= 1447 ent=0.0093 pred=  4 target=  4 correct=1 gate=N/A
[sample-info] i= 1448 ent=0.1302 pred= 15 target= 26 correct=0 gate=N/A
[sample-info] i= 1449 ent=0.0054 pred=  1 target=  1 correct=1 gate=N/A
[sample-info] i= 1450 ent=0.0011 pred= 35 target= 35 correct=1 gate=N/A
[sample-info] i= 1451 ent=0.0087 pred= 37 target= 37 correct=1 gate=N/A
[sample-info] i= 1452 ent=0.0202 pred= 38 target= 14 correct=0 gate=N/A
[sample-info] i= 1453 ent=0.1857 pred= 15 target= 26 correct=0 gate=N/A
[sample-info] i= 1454 ent=0.0010 pred= 22 target= 22 correct=1 gate=N/A
[sample-info] i= 1455 ent=0.0159 pred= 36 target= 36 correct=1 gate=N/A
[sample-info] i= 1456 ent=0.0035 pred= 25 target= 25 correct=1 gate=N/A
[sample-info] i= 1457 ent=0.0800 pred= 22 target= 22 correct=1 gate=N/A
[sample-info] i= 1458 ent=0.0209 pred= 28 target= 28 correct=1 gate=N/A
[sample-info] i= 1459 ent=0.0873 pred= 35 target= 35 correct=1 gate=N/A
[sample-info] i= 1460 ent=0.3057 pred= 16 target= 16 correct=1 gate=N/A
[sample-info] i= 1461 ent=0.1410 pred=  3 target= 25 correct=0 gate=N/A
[sample-info] i= 1462 ent=0.4553 pred= 18 target= 25 correct=0 gate=N/A
[sample-info] i= 1463 ent=0.0049 pred= 31 target= 31 correct=1 gate=N/A
[sample-info] i= 1464 ent=0.0099 pred=  8 target=  8 correct=1 gate=N/A
[sample-info] i= 1465 ent=0.1865 pred= 23 target= 12 correct=0 gate=N/A
[sample-info] i= 1466 ent=0.0786 pred= 33 target= 33 correct=1 gate=N/A
[sample-info] i= 1467 ent=0.0063 pred=  8 target=  8 correct=1 gate=N/A
[sample-info] i= 1468 ent=0.0001 pred=  0 target=  0 correct=1 gate=N/A
[sample-info] i= 1469 ent=0.0001 pred=  9 target=  9 correct=1 gate=N/A
[sample-info] i= 1470 ent=0.1998 pred= 16 target= 16 correct=1 gate=N/A
[sample-info] i= 1471 ent=0.0026 pred=  7 target=  7 correct=1 gate=N/A
[sample-info] i= 1472 ent=0.0412 pred= 35 target= 35 correct=1 gate=N/A
[sample-info] i= 1473 ent=0.0345 pred=  2 target=  2 correct=1 gate=N/A
[sample-info] i= 1474 ent=0.1105 pred= 14 target= 38 correct=0 gate=N/A
[sample-info] i= 1475 ent=0.0667 pred= 23 target= 36 correct=0 gate=N/A
[sample-info] i= 1476 ent=0.0003 pred=  0 target=  0 correct=1 gate=N/A
[sample-info] i= 1477 ent=0.0001 pred=  0 target=  0 correct=1 gate=N/A
[sample-info] i= 1478 ent=0.0737 pred= 24 target= 24 correct=1 gate=N/A
[sample-info] i= 1479 ent=0.0210 pred= 29 target= 29 correct=1 gate=N/A
[sample-info] i= 1480 ent=0.0771 pred= 29 target=  1 correct=0 gate=N/A
[sample-info] i= 1481 ent=0.0324 pred= 35 target= 35 correct=1 gate=N/A
[sample-info] i= 1482 ent=0.0695 pred= 33 target= 33 correct=1 gate=N/A
[sample-info] i= 1483 ent=0.3611 pred= 30 target= 30 correct=1 gate=N/A
[sample-info] i= 1484 ent=0.1929 pred= 20 target= 20 correct=1 gate=N/A
[sample-info] i= 1485 ent=0.2173 pred= 23 target= 23 correct=1 gate=N/A
[sample-info] i= 1486 ent=0.0005 pred=  5 target=  5 correct=1 gate=N/A
[sample-info] i= 1487 ent=0.0001 pred=  0 target=  0 correct=1 gate=N/A
[sample-info] i= 1488 ent=0.0881 pred=  8 target=  8 correct=1 gate=N/A
[sample-info] i= 1489 ent=0.1974 pred= 10 target= 37 correct=0 gate=N/A
[sample-info] i= 1490 ent=0.0875 pred= 25 target= 25 correct=1 gate=N/A
[sample-info] i= 1491 ent=0.0084 pred=  5 target=  5 correct=1 gate=N/A
[sample-info] i= 1492 ent=0.0011 pred= 22 target= 22 correct=1 gate=N/A
[sample-info] i= 1493 ent=0.0091 pred=  1 target=  1 correct=1 gate=N/A
[sample-info] i= 1494 ent=0.1074 pred= 15 target= 15 correct=1 gate=N/A
[sample-info] i= 1495 ent=0.0278 pred=  8 target=  8 correct=1 gate=N/A
[sample-info] i= 1496 ent=0.1704 pred= 25 target= 21 correct=0 gate=N/A
[sample-info] i= 1497 ent=0.0012 pred= 17 target= 17 correct=1 gate=N/A
[sample-info] i= 1498 ent=0.0001 pred=  5 target=  5 correct=1 gate=N/A
[sample-info] i= 1499 ent=0.0002 pred=  0 target=  0 correct=1 gate=N/A
[sample-info] i= 1500 ent=0.0001 pred=  5 target=  5 correct=1 gate=N/A
---- [hier] step 1500 test acc: 79.28. ----

[sample-info] i= 1501 ent=0.2515 pred= 38 target= 14 correct=0 gate=N/A
[sample-info] i= 1502 ent=0.0022 pred=  7 target=  7 correct=1 gate=N/A
[sample-info] i= 1503 ent=0.4053 pred= 13 target= 11 correct=0 gate=N/A
[sample-info] i= 1504 ent=0.0001 pred=  0 target=  0 correct=1 gate=N/A
[sample-info] i= 1505 ent=0.0476 pred=  6 target=  6 correct=1 gate=N/A
[sample-info] i= 1506 ent=0.0823 pred= 38 target= 14 correct=0 gate=N/A
[sample-info] i= 1507 ent=0.0296 pred=  2 target=  2 correct=1 gate=N/A
[sample-info] i= 1508 ent=0.0075 pred= 26 target= 26 correct=1 gate=N/A
[sample-info] i= 1509 ent=0.4980 pred= 31 target= 31 correct=1 gate=N/A
[sample-info] i= 1510 ent=0.0198 pred=  7 target=  7 correct=1 gate=N/A
[sample-info] i= 1511 ent=0.0024 pred=  2 target=  2 correct=1 gate=N/A
[sample-info] i= 1512 ent=0.2104 pred= 16 target= 16 correct=1 gate=N/A
[sample-info] i= 1513 ent=0.3118 pred= 38 target= 21 correct=0 gate=N/A
[sample-info] i= 1514 ent=0.1656 pred= 23 target= 23 correct=1 gate=N/A
[sample-info] i= 1515 ent=0.1301 pred= 26 target= 26 correct=1 gate=N/A
[sample-info] i= 1516 ent=0.0861 pred= 23 target= 23 correct=1 gate=N/A
[sample-info] i= 1517 ent=0.0554 pred=  4 target=  4 correct=1 gate=N/A
[sample-info] i= 1518 ent=0.1420 pred= 16 target= 16 correct=1 gate=N/A
[sample-info] i= 1519 ent=0.0222 pred=  5 target=  5 correct=1 gate=N/A
[sample-info] i= 1520 ent=0.0100 pred= 30 target= 30 correct=1 gate=N/A
[sample-info] i= 1521 ent=0.0003 pred= 17 target= 17 correct=1 gate=N/A
[sample-info] i= 1522 ent=0.0049 pred= 26 target= 26 correct=1 gate=N/A
[sample-info] i= 1523 ent=0.0006 pred= 35 target= 35 correct=1 gate=N/A
[sample-info] i= 1524 ent=0.2708 pred= 10 target= 10 correct=1 gate=N/A
[sample-info] i= 1525 ent=0.0101 pred=  2 target=  2 correct=1 gate=N/A
[sample-info] i= 1526 ent=0.0115 pred=  7 target=  7 correct=1 gate=N/A
[sample-info] i= 1527 ent=0.0807 pred= 12 target= 12 correct=1 gate=N/A
[sample-info] i= 1528 ent=0.4082 pred= 23 target= 12 correct=0 gate=N/A
[sample-info] i= 1529 ent=0.1235 pred= 15 target= 26 correct=0 gate=N/A
[sample-info] i= 1530 ent=0.0298 pred= 12 target= 12 correct=1 gate=N/A
[sample-info] i= 1531 ent=0.3225 pred= 10 target=  1 correct=0 gate=N/A
[sample-info] i= 1532 ent=0.0246 pred= 32 target= 32 correct=1 gate=N/A
[sample-info] i= 1533 ent=0.2881 pred=  6 target= 37 correct=0 gate=N/A
[sample-info] i= 1534 ent=0.1150 pred= 21 target= 28 correct=0 gate=N/A
[sample-info] i= 1535 ent=0.0005 pred= 35 target= 35 correct=1 gate=N/A
[sample-info] i= 1536 ent=0.0050 pred= 37 target= 37 correct=1 gate=N/A
[sample-info] i= 1537 ent=0.0005 pred=  7 target=  7 correct=1 gate=N/A
[sample-info] i= 1538 ent=0.0022 pred= 18 target= 18 correct=1 gate=N/A
[sample-info] i= 1539 ent=0.2396 pred= 16 target= 16 correct=1 gate=N/A
[sample-info] i= 1540 ent=0.0022 pred=  7 target=  7 correct=1 gate=N/A
[sample-info] i= 1541 ent=0.0747 pred= 25 target= 25 correct=1 gate=N/A
[sample-info] i= 1542 ent=0.0216 pred= 35 target= 35 correct=1 gate=N/A
[sample-info] i= 1543 ent=0.0110 pred= 29 target= 29 correct=1 gate=N/A
[sample-info] i= 1544 ent=0.1248 pred= 30 target=  8 correct=0 gate=N/A
[sample-info] i= 1545 ent=0.0031 pred=  5 target=  5 correct=1 gate=N/A
[sample-info] i= 1546 ent=0.0538 pred=  8 target= 32 correct=0 gate=N/A
[sample-info] i= 1547 ent=0.0004 pred= 35 target= 35 correct=1 gate=N/A
[sample-info] i= 1548 ent=0.1046 pred= 12 target= 12 correct=1 gate=N/A
[sample-info] i= 1549 ent=0.0114 pred= 17 target= 17 correct=1 gate=N/A
[sample-info] i= 1550 ent=0.1049 pred=  8 target=  8 correct=1 gate=N/A
[sample-info] i= 1551 ent=0.0326 pred=  8 target= 30 correct=0 gate=N/A
[sample-info] i= 1552 ent=0.0500 pred=  1 target=  1 correct=1 gate=N/A
[sample-info] i= 1553 ent=0.0486 pred= 33 target= 33 correct=1 gate=N/A
[sample-info] i= 1554 ent=0.0195 pred= 30 target= 30 correct=1 gate=N/A
[sample-info] i= 1555 ent=0.3328 pred= 10 target= 37 correct=0 gate=N/A
[sample-info] i= 1556 ent=0.0001 pred=  9 target=  9 correct=1 gate=N/A
[sample-info] i= 1557 ent=0.1328 pred= 37 target= 37 correct=1 gate=N/A
[sample-info] i= 1558 ent=0.0300 pred= 19 target= 19 correct=1 gate=N/A
[sample-info] i= 1559 ent=0.0206 pred=  8 target=  8 correct=1 gate=N/A
[sample-info] i= 1560 ent=0.0005 pred= 35 target= 35 correct=1 gate=N/A
[sample-info] i= 1561 ent=0.0205 pred= 35 target= 35 correct=1 gate=N/A
[sample-info] i= 1562 ent=0.0016 pred= 30 target= 30 correct=1 gate=N/A
[sample-info] i= 1563 ent=0.0112 pred= 36 target= 36 correct=1 gate=N/A
[sample-info] i= 1564 ent=0.0021 pred= 13 target= 13 correct=1 gate=N/A
[sample-info] i= 1565 ent=0.0097 pred= 30 target= 30 correct=1 gate=N/A
[sample-info] i= 1566 ent=0.0002 pred=  5 target=  5 correct=1 gate=N/A
[sample-info] i= 1567 ent=0.2202 pred= 21 target= 28 correct=0 gate=N/A
[sample-info] i= 1568 ent=0.0545 pred=  4 target=  4 correct=1 gate=N/A
[sample-info] i= 1569 ent=0.0001 pred=  0 target=  0 correct=1 gate=N/A
[sample-info] i= 1570 ent=0.1310 pred= 21 target= 28 correct=0 gate=N/A
[sample-info] i= 1571 ent=0.0006 pred=  5 target=  5 correct=1 gate=N/A
[sample-info] i= 1572 ent=0.0021 pred= 35 target= 35 correct=1 gate=N/A
[sample-info] i= 1573 ent=0.0139 pred= 13 target= 13 correct=1 gate=N/A
[sample-info] i= 1574 ent=0.1864 pred=  6 target= 37 correct=0 gate=N/A
[sample-info] i= 1575 ent=0.1384 pred= 33 target= 33 correct=1 gate=N/A
[sample-info] i= 1576 ent=0.0001 pred= 17 target= 17 correct=1 gate=N/A
[sample-info] i= 1577 ent=0.0139 pred=  8 target=  8 correct=1 gate=N/A
[sample-info] i= 1578 ent=0.0233 pred=  4 target=  4 correct=1 gate=N/A
[sample-info] i= 1579 ent=0.1129 pred= 33 target= 33 correct=1 gate=N/A
[sample-info] i= 1580 ent=0.1212 pred=  3 target= 30 correct=0 gate=N/A
[sample-info] i= 1581 ent=0.0854 pred= 37 target= 37 correct=1 gate=N/A
[sample-info] i= 1582 ent=0.0307 pred= 23 target= 23 correct=1 gate=N/A
[sample-info] i= 1583 ent=0.0007 pred=  7 target=  7 correct=1 gate=N/A
[sample-info] i= 1584 ent=0.0080 pred= 20 target= 20 correct=1 gate=N/A
[sample-info] i= 1585 ent=0.1154 pred= 30 target=  8 correct=0 gate=N/A
[sample-info] i= 1586 ent=0.1431 pred= 12 target= 12 correct=1 gate=N/A
[sample-info] i= 1587 ent=0.2642 pred= 23 target= 21 correct=0 gate=N/A
[sample-info] i= 1588 ent=0.1344 pred=  2 target=  2 correct=1 gate=N/A
[sample-info] i= 1589 ent=0.1260 pred= 21 target= 28 correct=0 gate=N/A
[sample-info] i= 1590 ent=0.0130 pred= 37 target= 37 correct=1 gate=N/A
[sample-info] i= 1591 ent=0.1797 pred= 16 target= 16 correct=1 gate=N/A
[sample-info] i= 1592 ent=0.0169 pred=  1 target=  1 correct=1 gate=N/A
[sample-info] i= 1593 ent=0.1400 pred= 17 target= 17 correct=1 gate=N/A
[sample-info] i= 1594 ent=0.0041 pred= 30 target= 30 correct=1 gate=N/A
[sample-info] i= 1595 ent=0.1251 pred= 26 target= 15 correct=0 gate=N/A
[sample-info] i= 1596 ent=0.1416 pred= 23 target= 23 correct=1 gate=N/A
[sample-info] i= 1597 ent=0.0067 pred= 25 target= 25 correct=1 gate=N/A
[sample-info] i= 1598 ent=0.2693 pred= 36 target= 36 correct=1 gate=N/A
[sample-info] i= 1599 ent=0.0052 pred=  5 target=  5 correct=1 gate=N/A
[sample-info] i= 1600 ent=0.1700 pred= 32 target= 23 correct=0 gate=N/A
[sample-info] i= 1601 ent=0.0906 pred= 14 target= 14 correct=1 gate=N/A
[sample-info] i= 1602 ent=0.0206 pred= 35 target= 35 correct=1 gate=N/A
[sample-info] i= 1603 ent=0.0000 pred= 17 target= 17 correct=1 gate=N/A
[sample-info] i= 1604 ent=0.0003 pred= 17 target= 17 correct=1 gate=N/A
[sample-info] i= 1605 ent=0.2993 pred= 16 target=  1 correct=0 gate=N/A
[sample-info] i= 1606 ent=0.0039 pred= 26 target= 26 correct=1 gate=N/A
[sample-info] i= 1607 ent=0.0008 pred= 17 target= 17 correct=1 gate=N/A
[sample-info] i= 1608 ent=0.0026 pred=  7 target=  7 correct=1 gate=N/A
[sample-info] i= 1609 ent=0.1317 pred= 26 target= 26 correct=1 gate=N/A
[sample-info] i= 1610 ent=0.0051 pred= 22 target= 22 correct=1 gate=N/A
[sample-info] i= 1611 ent=0.0372 pred=  4 target=  4 correct=1 gate=N/A
[sample-info] i= 1612 ent=0.1169 pred=  4 target= 36 correct=0 gate=N/A
[sample-info] i= 1613 ent=0.0001 pred=  0 target=  0 correct=1 gate=N/A
[sample-info] i= 1614 ent=0.2864 pred= 36 target= 36 correct=1 gate=N/A
[sample-info] i= 1615 ent=0.0012 pred=  7 target=  7 correct=1 gate=N/A
[sample-info] i= 1616 ent=0.3784 pred= 35 target= 35 correct=1 gate=N/A
[sample-info] i= 1617 ent=0.1118 pred=  9 target= 37 correct=0 gate=N/A
[sample-info] i= 1618 ent=0.0428 pred= 30 target= 30 correct=1 gate=N/A
[sample-info] i= 1619 ent=0.0903 pred=  9 target= 28 correct=0 gate=N/A
[sample-info] i= 1620 ent=0.0005 pred= 29 target= 29 correct=1 gate=N/A
[sample-info] i= 1621 ent=0.0001 pred= 17 target= 17 correct=1 gate=N/A
[sample-info] i= 1622 ent=0.1980 pred= 10 target= 37 correct=0 gate=N/A
[sample-info] i= 1623 ent=0.0049 pred=  2 target=  2 correct=1 gate=N/A
[sample-info] i= 1624 ent=0.5400 pred= 39 target= 28 correct=0 gate=N/A
[sample-info] i= 1625 ent=0.0005 pred= 22 target= 22 correct=1 gate=N/A
[sample-info] i= 1626 ent=0.0112 pred=  8 target=  8 correct=1 gate=N/A
[sample-info] i= 1627 ent=0.0959 pred= 17 target= 17 correct=1 gate=N/A
[sample-info] i= 1628 ent=0.0038 pred= 11 target= 11 correct=1 gate=N/A
[sample-info] i= 1629 ent=0.0173 pred= 23 target= 14 correct=0 gate=N/A
[sample-info] i= 1630 ent=0.1415 pred= 12 target= 12 correct=1 gate=N/A
[sample-info] i= 1631 ent=0.1926 pred= 32 target= 32 correct=1 gate=N/A
[sample-info] i= 1632 ent=0.0103 pred= 35 target= 35 correct=1 gate=N/A
[sample-info] i= 1633 ent=0.0008 pred= 17 target= 17 correct=1 gate=N/A
[sample-info] i= 1634 ent=0.0115 pred= 26 target= 26 correct=1 gate=N/A
[sample-info] i= 1635 ent=0.3882 pred= 30 target= 30 correct=1 gate=N/A
[sample-info] i= 1636 ent=0.2366 pred= 16 target= 28 correct=0 gate=N/A
[sample-info] i= 1637 ent=0.1292 pred= 25 target= 21 correct=0 gate=N/A
[sample-info] i= 1638 ent=0.0023 pred=  7 target=  7 correct=1 gate=N/A
[sample-info] i= 1639 ent=0.0015 pred= 20 target= 20 correct=1 gate=N/A
[sample-info] i= 1640 ent=0.2952 pred= 18 target= 18 correct=1 gate=N/A
[sample-info] i= 1641 ent=0.1193 pred=  4 target=  4 correct=1 gate=N/A
[sample-info] i= 1642 ent=0.0358 pred= 25 target= 25 correct=1 gate=N/A
[sample-info] i= 1643 ent=0.0999 pred= 21 target= 28 correct=0 gate=N/A
[sample-info] i= 1644 ent=0.1464 pred= 23 target= 23 correct=1 gate=N/A
[sample-info] i= 1645 ent=0.0817 pred= 33 target= 33 correct=1 gate=N/A
[sample-info] i= 1646 ent=0.0006 pred= 29 target= 29 correct=1 gate=N/A
[sample-info] i= 1647 ent=0.0057 pred= 37 target= 37 correct=1 gate=N/A
[sample-info] i= 1648 ent=0.3506 pred= 23 target= 27 correct=0 gate=N/A
[sample-info] i= 1649 ent=0.0003 pred= 26 target= 26 correct=1 gate=N/A
[sample-info] i= 1650 ent=0.0005 pred= 13 target= 13 correct=1 gate=N/A
[sample-info] i= 1651 ent=0.0004 pred=  0 target=  0 correct=1 gate=N/A
[sample-info] i= 1652 ent=0.0010 pred=  2 target=  2 correct=1 gate=N/A
[sample-info] i= 1653 ent=0.1951 pred= 16 target= 16 correct=1 gate=N/A
[sample-info] i= 1654 ent=0.1422 pred=  1 target=  1 correct=1 gate=N/A
[sample-info] i= 1655 ent=0.0445 pred= 33 target= 33 correct=1 gate=N/A
[sample-info] i= 1656 ent=0.0285 pred= 25 target= 25 correct=1 gate=N/A
[sample-info] i= 1657 ent=0.1102 pred= 13 target= 39 correct=0 gate=N/A
[sample-info] i= 1658 ent=0.1012 pred=  8 target=  8 correct=1 gate=N/A
[sample-info] i= 1659 ent=0.3506 pred= 38 target= 36 correct=0 gate=N/A
[sample-info] i= 1660 ent=0.0471 pred= 30 target= 30 correct=1 gate=N/A
[sample-info] i= 1661 ent=0.3926 pred= 12 target= 21 correct=0 gate=N/A
[sample-info] i= 1662 ent=0.1426 pred= 23 target= 23 correct=1 gate=N/A
[sample-info] i= 1663 ent=0.1753 pred= 21 target= 28 correct=0 gate=N/A
[sample-info] i= 1664 ent=0.2006 pred= 27 target= 27 correct=1 gate=N/A
[sample-info] i= 1665 ent=0.0003 pred=  5 target=  5 correct=1 gate=N/A
[sample-info] i= 1666 ent=0.0167 pred=  3 target=  3 correct=1 gate=N/A
[sample-info] i= 1667 ent=0.0016 pred= 25 target= 25 correct=1 gate=N/A
[sample-info] i= 1668 ent=0.0004 pred= 18 target= 18 correct=1 gate=N/A
[sample-info] i= 1669 ent=0.0039 pred=  4 target=  4 correct=1 gate=N/A
[sample-info] i= 1670 ent=0.0015 pred=  2 target=  2 correct=1 gate=N/A
[sample-info] i= 1671 ent=0.0309 pred= 19 target= 19 correct=1 gate=N/A
[sample-info] i= 1672 ent=0.0105 pred= 30 target= 30 correct=1 gate=N/A
[sample-info] i= 1673 ent=0.0316 pred= 37 target= 37 correct=1 gate=N/A
[sample-info] i= 1674 ent=0.0441 pred= 37 target= 37 correct=1 gate=N/A
[sample-info] i= 1675 ent=0.0147 pred=  5 target=  5 correct=1 gate=N/A
[sample-info] i= 1676 ent=0.0205 pred= 22 target= 22 correct=1 gate=N/A
[sample-info] i= 1677 ent=0.0013 pred= 22 target= 22 correct=1 gate=N/A
[sample-info] i= 1678 ent=0.0002 pred= 13 target= 13 correct=1 gate=N/A
[sample-info] i= 1679 ent=0.0841 pred= 11 target= 11 correct=1 gate=N/A
[sample-info] i= 1680 ent=0.3379 pred= 21 target= 28 correct=0 gate=N/A
[sample-info] i= 1681 ent=0.0003 pred= 17 target= 17 correct=1 gate=N/A
[sample-info] i= 1682 ent=0.0002 pred=  0 target=  0 correct=1 gate=N/A
[sample-info] i= 1683 ent=0.0094 pred= 25 target= 25 correct=1 gate=N/A
[sample-info] i= 1684 ent=0.1165 pred= 26 target= 15 correct=0 gate=N/A
[sample-info] i= 1685 ent=0.0062 pred= 26 target= 26 correct=1 gate=N/A
[sample-info] i= 1686 ent=0.0002 pred=  5 target=  5 correct=1 gate=N/A
[sample-info] i= 1687 ent=0.0167 pred= 20 target= 20 correct=1 gate=N/A
[sample-info] i= 1688 ent=0.0077 pred= 37 target= 37 correct=1 gate=N/A
[sample-info] i= 1689 ent=0.0001 pred= 25 target= 25 correct=1 gate=N/A
[sample-info] i= 1690 ent=0.2773 pred= 16 target= 28 correct=0 gate=N/A
[sample-info] i= 1691 ent=0.2428 pred= 25 target= 21 correct=0 gate=N/A
[sample-info] i= 1692 ent=0.0012 pred= 27 target= 27 correct=1 gate=N/A
[sample-info] i= 1693 ent=0.0223 pred= 12 target= 12 correct=1 gate=N/A
[sample-info] i= 1694 ent=0.1015 pred= 12 target= 12 correct=1 gate=N/A
[sample-info] i= 1695 ent=0.1165 pred= 26 target= 26 correct=1 gate=N/A
[sample-info] i= 1696 ent=0.0058 pred= 19 target= 19 correct=1 gate=N/A
[sample-info] i= 1697 ent=0.0007 pred=  0 target=  0 correct=1 gate=N/A
[sample-info] i= 1698 ent=0.0005 pred=  5 target=  5 correct=1 gate=N/A
[sample-info] i= 1699 ent=0.0001 pred= 17 target= 17 correct=1 gate=N/A
[sample-info] i= 1700 ent=0.2163 pred= 14 target= 14 correct=1 gate=N/A
[sample-info] i= 1701 ent=0.1692 pred= 16 target= 16 correct=1 gate=N/A
[sample-info] i= 1702 ent=0.2703 pred= 36 target= 14 correct=0 gate=N/A
[sample-info] i= 1703 ent=0.0057 pred= 18 target= 18 correct=1 gate=N/A
[sample-info] i= 1704 ent=0.1057 pred= 16 target= 16 correct=1 gate=N/A
[sample-info] i= 1705 ent=0.0345 pred=  8 target=  8 correct=1 gate=N/A
[sample-info] i= 1706 ent=0.0004 pred=  7 target=  7 correct=1 gate=N/A
[sample-info] i= 1707 ent=0.0010 pred= 35 target= 35 correct=1 gate=N/A
[sample-info] i= 1708 ent=0.2751 pred= 13 target= 39 correct=0 gate=N/A
[sample-info] i= 1709 ent=0.0092 pred=  2 target=  2 correct=1 gate=N/A
[sample-info] i= 1710 ent=0.0001 pred= 11 target= 11 correct=1 gate=N/A
[sample-info] i= 1711 ent=0.0954 pred= 26 target= 26 correct=1 gate=N/A
[sample-info] i= 1712 ent=0.1952 pred= 38 target= 14 correct=0 gate=N/A
[sample-info] i= 1713 ent=0.1317 pred= 28 target= 21 correct=0 gate=N/A
[sample-info] i= 1714 ent=0.0019 pred= 17 target= 17 correct=1 gate=N/A
[sample-info] i= 1715 ent=0.0776 pred= 14 target= 14 correct=1 gate=N/A
[sample-info] i= 1716 ent=0.1118 pred= 12 target= 12 correct=1 gate=N/A
[sample-info] i= 1717 ent=0.0100 pred= 29 target= 29 correct=1 gate=N/A
[sample-info] i= 1718 ent=0.0220 pred= 12 target= 12 correct=1 gate=N/A
[sample-info] i= 1719 ent=0.0001 pred= 17 target= 17 correct=1 gate=N/A
[sample-info] i= 1720 ent=0.0779 pred= 33 target= 33 correct=1 gate=N/A
[sample-info] i= 1721 ent=0.0001 pred=  5 target=  5 correct=1 gate=N/A
[sample-info] i= 1722 ent=0.0029 pred= 29 target= 29 correct=1 gate=N/A
[sample-info] i= 1723 ent=0.1498 pred=  8 target=  2 correct=0 gate=N/A
[sample-info] i= 1724 ent=0.0225 pred= 21 target= 21 correct=1 gate=N/A
[sample-info] i= 1725 ent=0.3298 pred= 23 target= 21 correct=0 gate=N/A
[sample-info] i= 1726 ent=0.0008 pred= 11 target= 11 correct=1 gate=N/A
[sample-info] i= 1727 ent=0.0002 pred= 17 target= 17 correct=1 gate=N/A
[sample-info] i= 1728 ent=0.0699 pred= 29 target=  1 correct=0 gate=N/A
[sample-info] i= 1729 ent=0.1753 pred= 36 target= 36 correct=1 gate=N/A
[sample-info] i= 1730 ent=0.0000 pred= 17 target= 17 correct=1 gate=N/A
[sample-info] i= 1731 ent=0.0010 pred= 17 target= 17 correct=1 gate=N/A
[sample-info] i= 1732 ent=0.2262 pred= 35 target= 35 correct=1 gate=N/A
[sample-info] i= 1733 ent=0.1724 pred= 13 target= 21 correct=0 gate=N/A
[sample-info] i= 1734 ent=0.0002 pred= 35 target= 35 correct=1 gate=N/A
[sample-info] i= 1735 ent=0.0016 pred=  7 target=  7 correct=1 gate=N/A
[sample-info] i= 1736 ent=0.2192 pred= 16 target= 16 correct=1 gate=N/A
[sample-info] i= 1737 ent=0.1198 pred= 10 target= 10 correct=1 gate=N/A
[sample-info] i= 1738 ent=0.0952 pred= 16 target= 16 correct=1 gate=N/A
[sample-info] i= 1739 ent=0.1742 pred= 26 target= 26 correct=1 gate=N/A
[sample-info] i= 1740 ent=0.0073 pred=  4 target=  4 correct=1 gate=N/A
[sample-info] i= 1741 ent=0.0686 pred= 33 target=  3 correct=0 gate=N/A
[sample-info] i= 1742 ent=0.1343 pred= 38 target= 38 correct=1 gate=N/A
[sample-info] i= 1743 ent=0.0008 pred=  6 target=  6 correct=1 gate=N/A
[sample-info] i= 1744 ent=0.1282 pred= 36 target= 36 correct=1 gate=N/A
[sample-info] i= 1745 ent=0.0013 pred= 30 target= 30 correct=1 gate=N/A
[sample-info] i= 1746 ent=0.0058 pred= 28 target= 28 correct=1 gate=N/A
[sample-info] i= 1747 ent=0.0698 pred= 38 target= 38 correct=1 gate=N/A
[sample-info] i= 1748 ent=0.0298 pred=  2 target=  2 correct=1 gate=N/A
[sample-info] i= 1749 ent=0.1361 pred= 33 target= 23 correct=0 gate=N/A
[sample-info] i= 1750 ent=0.0104 pred= 21 target= 21 correct=1 gate=N/A
[sample-info] i= 1751 ent=0.3628 pred= 38 target= 21 correct=0 gate=N/A
[sample-info] i= 1752 ent=0.3335 pred= 23 target= 21 correct=0 gate=N/A
[sample-info] i= 1753 ent=0.1281 pred= 38 target= 14 correct=0 gate=N/A
[sample-info] i= 1754 ent=0.0002 pred= 17 target= 17 correct=1 gate=N/A
[sample-info] i= 1755 ent=0.0240 pred= 26 target= 26 correct=1 gate=N/A
[sample-info] i= 1756 ent=0.1735 pred= 36 target=  1 correct=0 gate=N/A
[sample-info] i= 1757 ent=0.2352 pred= 23 target= 23 correct=1 gate=N/A
[sample-info] i= 1758 ent=0.2203 pred= 16 target= 21 correct=0 gate=N/A
[sample-info] i= 1759 ent=0.0423 pred=  3 target=  3 correct=1 gate=N/A
[sample-info] i= 1760 ent=0.0001 pred=  5 target=  5 correct=1 gate=N/A
[sample-info] i= 1761 ent=0.0651 pred= 21 target= 28 correct=0 gate=N/A
[sample-info] i= 1762 ent=0.0006 pred= 35 target= 35 correct=1 gate=N/A
[sample-info] i= 1763 ent=0.0032 pred=  5 target=  5 correct=1 gate=N/A
[sample-info] i= 1764 ent=0.0780 pred= 35 target= 35 correct=1 gate=N/A
[sample-info] i= 1765 ent=0.0229 pred=  1 target=  1 correct=1 gate=N/A
[sample-info] i= 1766 ent=0.1831 pred= 38 target=  4 correct=0 gate=N/A
[sample-info] i= 1767 ent=0.4397 pred= 13 target= 25 correct=0 gate=N/A
[sample-info] i= 1768 ent=0.0003 pred=  5 target=  5 correct=1 gate=N/A
[sample-info] i= 1769 ent=0.1646 pred= 26 target= 26 correct=1 gate=N/A
[sample-info] i= 1770 ent=0.0016 pred= 32 target= 32 correct=1 gate=N/A
[sample-info] i= 1771 ent=0.1956 pred= 10 target= 10 correct=1 gate=N/A
[sample-info] i= 1772 ent=0.3948 pred= 16 target= 14 correct=0 gate=N/A
[sample-info] i= 1773 ent=0.0014 pred=  7 target=  7 correct=1 gate=N/A
[sample-info] i= 1774 ent=0.0014 pred=  9 target=  9 correct=1 gate=N/A
[sample-info] i= 1775 ent=0.1333 pred= 16 target= 16 correct=1 gate=N/A
[sample-info] i= 1776 ent=0.0256 pred=  0 target=  0 correct=1 gate=N/A
[sample-info] i= 1777 ent=0.0004 pred=  0 target=  0 correct=1 gate=N/A
[sample-info] i= 1778 ent=0.0192 pred=  3 target=  3 correct=1 gate=N/A
[sample-info] i= 1779 ent=0.3196 pred= 12 target= 21 correct=0 gate=N/A
[sample-info] i= 1780 ent=0.0405 pred=  4 target=  4 correct=1 gate=N/A
[sample-info] i= 1781 ent=0.0082 pred= 30 target= 30 correct=1 gate=N/A
[sample-info] i= 1782 ent=0.0006 pred=  5 target=  5 correct=1 gate=N/A
[sample-info] i= 1783 ent=0.1160 pred= 35 target=  8 correct=0 gate=N/A
[sample-info] i= 1784 ent=0.0062 pred= 26 target= 26 correct=1 gate=N/A
[sample-info] i= 1785 ent=0.0112 pred=  4 target= 36 correct=0 gate=N/A
[sample-info] i= 1786 ent=0.2015 pred=  2 target= 25 correct=0 gate=N/A
[sample-info] i= 1787 ent=0.2418 pred= 30 target=  2 correct=0 gate=N/A
[sample-info] i= 1788 ent=0.0023 pred= 24 target= 24 correct=1 gate=N/A
[sample-info] i= 1789 ent=0.0003 pred=  5 target=  5 correct=1 gate=N/A
[sample-info] i= 1790 ent=0.0898 pred= 16 target= 16 correct=1 gate=N/A
[sample-info] i= 1791 ent=0.0880 pred= 33 target= 33 correct=1 gate=N/A
[sample-info] i= 1792 ent=0.0103 pred= 30 target= 30 correct=1 gate=N/A
[sample-info] i= 1793 ent=0.0188 pred=  8 target=  8 correct=1 gate=N/A
[sample-info] i= 1794 ent=0.0875 pred=  2 target=  2 correct=1 gate=N/A
[sample-info] i= 1795 ent=0.0011 pred= 34 target= 34 correct=1 gate=N/A
[sample-info] i= 1796 ent=0.1036 pred= 21 target= 28 correct=0 gate=N/A
[sample-info] i= 1797 ent=0.2218 pred= 16 target= 16 correct=1 gate=N/A
[sample-info] i= 1798 ent=0.0249 pred= 23 target= 23 correct=1 gate=N/A
[sample-info] i= 1799 ent=0.0104 pred=  2 target=  2 correct=1 gate=N/A
[sample-info] i= 1800 ent=0.1381 pred= 30 target= 30 correct=1 gate=N/A
[sample-info] i= 1801 ent=0.2590 pred= 32 target= 32 correct=1 gate=N/A
[sample-info] i= 1802 ent=0.0016 pred=  2 target=  2 correct=1 gate=N/A
[sample-info] i= 1803 ent=0.0035 pred=  2 target=  2 correct=1 gate=N/A
[sample-info] i= 1804 ent=0.0502 pred= 37 target= 37 correct=1 gate=N/A
[sample-info] i= 1805 ent=0.0063 pred=  5 target=  5 correct=1 gate=N/A
[sample-info] i= 1806 ent=0.1853 pred=  7 target=  7 correct=1 gate=N/A
[sample-info] i= 1807 ent=0.3086 pred=  6 target= 37 correct=0 gate=N/A
[sample-info] i= 1808 ent=0.1573 pred=  2 target=  2 correct=1 gate=N/A
[sample-info] i= 1809 ent=0.2803 pred= 23 target= 23 correct=1 gate=N/A
[sample-info] i= 1810 ent=0.0003 pred=  7 target=  7 correct=1 gate=N/A
[sample-info] i= 1811 ent=0.0308 pred= 23 target= 14 correct=0 gate=N/A
[sample-info] i= 1812 ent=0.0015 pred= 30 target= 30 correct=1 gate=N/A
[sample-info] i= 1813 ent=0.0039 pred= 30 target= 30 correct=1 gate=N/A
[sample-info] i= 1814 ent=0.0778 pred= 19 target= 19 correct=1 gate=N/A
[sample-info] i= 1815 ent=0.0003 pred= 26 target= 26 correct=1 gate=N/A
[sample-info] i= 1816 ent=0.1072 pred= 28 target= 28 correct=1 gate=N/A
[sample-info] i= 1817 ent=0.3220 pred= 16 target= 36 correct=0 gate=N/A
[sample-info] i= 1818 ent=0.0849 pred= 14 target= 14 correct=1 gate=N/A
[sample-info] i= 1819 ent=0.1180 pred= 15 target= 26 correct=0 gate=N/A
[sample-info] i= 1820 ent=0.0976 pred= 26 target= 26 correct=1 gate=N/A
[sample-info] i= 1821 ent=0.0002 pred=  9 target=  9 correct=1 gate=N/A
[sample-info] i= 1822 ent=0.1378 pred=  4 target=  4 correct=1 gate=N/A
[sample-info] i= 1823 ent=0.1069 pred=  7 target=  7 correct=1 gate=N/A
[sample-info] i= 1824 ent=0.0235 pred= 14 target= 14 correct=1 gate=N/A
[sample-info] i= 1825 ent=0.1886 pred= 38 target= 38 correct=1 gate=N/A
[sample-info] i= 1826 ent=0.1131 pred= 25 target= 25 correct=1 gate=N/A
[sample-info] i= 1827 ent=0.0291 pred= 13 target= 21 correct=0 gate=N/A
[sample-info] i= 1828 ent=0.0010 pred= 25 target= 25 correct=1 gate=N/A
[sample-info] i= 1829 ent=0.0856 pred= 30 target= 30 correct=1 gate=N/A
[sample-info] i= 1830 ent=0.1331 pred= 10 target= 37 correct=0 gate=N/A
[sample-info] i= 1831 ent=0.0005 pred=  0 target=  0 correct=1 gate=N/A
[sample-info] i= 1832 ent=0.2820 pred= 23 target= 33 correct=0 gate=N/A
[sample-info] i= 1833 ent=0.0006 pred= 22 target= 22 correct=1 gate=N/A
[sample-info] i= 1834 ent=0.1584 pred= 21 target= 28 correct=0 gate=N/A
[sample-info] i= 1835 ent=0.0828 pred=  8 target=  8 correct=1 gate=N/A
[sample-info] i= 1836 ent=0.0005 pred= 35 target= 35 correct=1 gate=N/A
[sample-info] i= 1837 ent=0.4443 pred= 38 target= 14 correct=0 gate=N/A
[sample-info] i= 1838 ent=0.0051 pred=  4 target=  4 correct=1 gate=N/A
[sample-info] i= 1839 ent=0.0323 pred= 14 target= 14 correct=1 gate=N/A
[sample-info] i= 1840 ent=0.0006 pred=  0 target=  0 correct=1 gate=N/A
[sample-info] i= 1841 ent=0.1041 pred= 33 target= 33 correct=1 gate=N/A
[sample-info] i= 1842 ent=0.0003 pred= 26 target= 26 correct=1 gate=N/A
[sample-info] i= 1843 ent=0.0790 pred= 21 target= 28 correct=0 gate=N/A
[sample-info] i= 1844 ent=0.0168 pred=  4 target=  4 correct=1 gate=N/A
[sample-info] i= 1845 ent=0.0009 pred= 25 target= 25 correct=1 gate=N/A
[sample-info] i= 1846 ent=0.0032 pred=  7 target=  7 correct=1 gate=N/A
[sample-info] i= 1847 ent=0.0370 pred= 33 target= 33 correct=1 gate=N/A
[sample-info] i= 1848 ent=0.1339 pred= 33 target= 33 correct=1 gate=N/A
[sample-info] i= 1849 ent=0.0028 pred= 32 target= 32 correct=1 gate=N/A
[sample-info] i= 1850 ent=0.0017 pred= 22 target= 22 correct=1 gate=N/A
[sample-info] i= 1851 ent=0.0671 pred= 12 target= 33 correct=0 gate=N/A
[sample-info] i= 1852 ent=0.3013 pred= 16 target= 16 correct=1 gate=N/A
[sample-info] i= 1853 ent=0.0002 pred=  5 target=  5 correct=1 gate=N/A
[sample-info] i= 1854 ent=0.0038 pred= 22 target= 22 correct=1 gate=N/A
[sample-info] i= 1855 ent=0.0018 pred=  3 target=  3 correct=1 gate=N/A
[sample-info] i= 1856 ent=0.0006 pred=  5 target=  5 correct=1 gate=N/A
[sample-info] i= 1857 ent=0.0004 pred=  5 target=  5 correct=1 gate=N/A
[sample-info] i= 1858 ent=0.0442 pred=  3 target=  3 correct=1 gate=N/A
[sample-info] i= 1859 ent=0.0142 pred= 33 target= 33 correct=1 gate=N/A
[sample-info] i= 1860 ent=0.1537 pred= 36 target= 36 correct=1 gate=N/A
[sample-info] i= 1861 ent=0.0214 pred= 30 target= 30 correct=1 gate=N/A
[sample-info] i= 1862 ent=0.1685 pred= 37 target= 37 correct=1 gate=N/A
[sample-info] i= 1863 ent=0.0696 pred=  2 target=  2 correct=1 gate=N/A
[sample-info] i= 1864 ent=0.1611 pred= 26 target= 26 correct=1 gate=N/A
[sample-info] i= 1865 ent=0.0773 pred= 12 target= 12 correct=1 gate=N/A
[sample-info] i= 1866 ent=0.0573 pred= 30 target= 30 correct=1 gate=N/A
[sample-info] i= 1867 ent=0.0385 pred=  4 target=  4 correct=1 gate=N/A
[sample-info] i= 1868 ent=0.0021 pred= 19 target= 19 correct=1 gate=N/A
[sample-info] i= 1869 ent=0.2678 pred= 36 target= 36 correct=1 gate=N/A
[sample-info] i= 1870 ent=0.0012 pred= 17 target= 17 correct=1 gate=N/A
[sample-info] i= 1871 ent=0.0260 pred= 22 target= 22 correct=1 gate=N/A
[sample-info] i= 1872 ent=0.4326 pred= 13 target= 21 correct=0 gate=N/A
[sample-info] i= 1873 ent=0.0178 pred= 22 target= 22 correct=1 gate=N/A
[sample-info] i= 1874 ent=0.1152 pred=  4 target= 14 correct=0 gate=N/A
[sample-info] i= 1875 ent=0.0005 pred=  5 target=  5 correct=1 gate=N/A
[sample-info] i= 1876 ent=0.0050 pred= 30 target= 30 correct=1 gate=N/A
[sample-info] i= 1877 ent=0.0004 pred=  7 target=  7 correct=1 gate=N/A
[sample-info] i= 1878 ent=0.0756 pred= 38 target= 14 correct=0 gate=N/A
[sample-info] i= 1879 ent=0.0022 pred=  7 target=  7 correct=1 gate=N/A
[sample-info] i= 1880 ent=0.2551 pred= 23 target= 23 correct=1 gate=N/A
[sample-info] i= 1881 ent=0.0419 pred= 25 target= 25 correct=1 gate=N/A
[sample-info] i= 1882 ent=0.0003 pred=  5 target=  5 correct=1 gate=N/A
[sample-info] i= 1883 ent=0.0135 pred=  8 target=  8 correct=1 gate=N/A
[sample-info] i= 1884 ent=0.2476 pred= 38 target= 23 correct=0 gate=N/A
[sample-info] i= 1885 ent=0.0090 pred= 25 target= 25 correct=1 gate=N/A
[sample-info] i= 1886 ent=0.2522 pred= 13 target= 25 correct=0 gate=N/A
[sample-info] i= 1887 ent=0.0029 pred=  7 target=  7 correct=1 gate=N/A
[sample-info] i= 1888 ent=0.0017 pred= 35 target= 35 correct=1 gate=N/A
[sample-info] i= 1889 ent=0.1209 pred= 28 target= 28 correct=1 gate=N/A
[sample-info] i= 1890 ent=0.2001 pred=  3 target= 25 correct=0 gate=N/A
[sample-info] i= 1891 ent=0.0012 pred=  5 target=  5 correct=1 gate=N/A
[sample-info] i= 1892 ent=0.2013 pred= 29 target= 35 correct=0 gate=N/A
[sample-info] i= 1893 ent=0.0089 pred= 25 target= 25 correct=1 gate=N/A
[sample-info] i= 1894 ent=0.2371 pred= 16 target= 16 correct=1 gate=N/A
[sample-info] i= 1895 ent=0.0033 pred= 26 target= 26 correct=1 gate=N/A
[sample-info] i= 1896 ent=0.0039 pred= 25 target= 25 correct=1 gate=N/A
[sample-info] i= 1897 ent=0.0280 pred= 12 target= 12 correct=1 gate=N/A
[sample-info] i= 1898 ent=0.0001 pred=  0 target=  0 correct=1 gate=N/A
[sample-info] i= 1899 ent=0.0356 pred= 30 target= 30 correct=1 gate=N/A
[sample-info] i= 1900 ent=0.1661 pred= 23 target= 14 correct=0 gate=N/A
[sample-info] i= 1901 ent=0.2722 pred=  6 target=  6 correct=1 gate=N/A
[sample-info] i= 1902 ent=0.0034 pred= 22 target= 22 correct=1 gate=N/A
[sample-info] i= 1903 ent=0.0014 pred= 34 target= 34 correct=1 gate=N/A
[sample-info] i= 1904 ent=0.0089 pred= 25 target= 25 correct=1 gate=N/A
[sample-info] i= 1905 ent=0.0000 pred= 25 target= 25 correct=1 gate=N/A
[sample-info] i= 1906 ent=0.3018 pred= 16 target= 23 correct=0 gate=N/A
[sample-info] i= 1907 ent=0.0201 pred= 14 target= 14 correct=1 gate=N/A
[sample-info] i= 1908 ent=0.0001 pred= 25 target= 25 correct=1 gate=N/A
[sample-info] i= 1909 ent=0.0001 pred=  0 target=  0 correct=1 gate=N/A
[sample-info] i= 1910 ent=0.2893 pred= 21 target= 21 correct=1 gate=N/A
[sample-info] i= 1911 ent=0.5449 pred= 35 target= 14 correct=0 gate=N/A
[sample-info] i= 1912 ent=0.2184 pred= 29 target=  1 correct=0 gate=N/A
[sample-info] i= 1913 ent=0.0140 pred= 33 target= 33 correct=1 gate=N/A
[sample-info] i= 1914 ent=0.2747 pred= 16 target= 21 correct=0 gate=N/A
[sample-info] i= 1915 ent=0.0363 pred=  2 target=  2 correct=1 gate=N/A
[sample-info] i= 1916 ent=0.1700 pred= 16 target= 16 correct=1 gate=N/A
[sample-info] i= 1917 ent=0.2229 pred=  3 target= 30 correct=0 gate=N/A
[sample-info] i= 1918 ent=0.0078 pred= 31 target= 31 correct=1 gate=N/A
[sample-info] i= 1919 ent=0.0006 pred=  7 target=  7 correct=1 gate=N/A
[sample-info] i= 1920 ent=0.2395 pred= 16 target= 21 correct=0 gate=N/A
[sample-info] i= 1921 ent=0.4009 pred= 27 target= 39 correct=0 gate=N/A
[sample-info] i= 1922 ent=0.1189 pred= 30 target=  2 correct=0 gate=N/A
[sample-info] i= 1923 ent=0.0243 pred=  7 target=  7 correct=1 gate=N/A
[sample-info] i= 1924 ent=0.0004 pred=  0 target=  0 correct=1 gate=N/A
[sample-info] i= 1925 ent=0.0011 pred=  0 target=  0 correct=1 gate=N/A
[sample-info] i= 1926 ent=0.3357 pred= 16 target= 16 correct=1 gate=N/A
[sample-info] i= 1927 ent=0.0090 pred=  6 target=  6 correct=1 gate=N/A
[sample-info] i= 1928 ent=0.3030 pred= 38 target= 14 correct=0 gate=N/A
[sample-info] i= 1929 ent=0.0013 pred= 35 target= 35 correct=1 gate=N/A
[sample-info] i= 1930 ent=0.2092 pred= 10 target= 15 correct=0 gate=N/A
[sample-info] i= 1931 ent=0.0029 pred=  2 target=  2 correct=1 gate=N/A
[sample-info] i= 1932 ent=0.2908 pred= 16 target= 21 correct=0 gate=N/A
[sample-info] i= 1933 ent=0.0060 pred= 37 target= 37 correct=1 gate=N/A
[sample-info] i= 1934 ent=0.1613 pred= 11 target= 11 correct=1 gate=N/A
[sample-info] i= 1935 ent=0.1602 pred= 22 target= 36 correct=0 gate=N/A
[sample-info] i= 1936 ent=0.0005 pred=  7 target=  7 correct=1 gate=N/A
[sample-info] i= 1937 ent=0.0865 pred= 23 target= 23 correct=1 gate=N/A
[sample-info] i= 1938 ent=0.0010 pred=  7 target=  7 correct=1 gate=N/A
[sample-info] i= 1939 ent=0.3816 pred= 28 target= 28 correct=1 gate=N/A
[sample-info] i= 1940 ent=0.2286 pred=  6 target= 37 correct=0 gate=N/A
[sample-info] i= 1941 ent=0.1183 pred= 26 target= 26 correct=1 gate=N/A
[sample-info] i= 1942 ent=0.3843 pred= 16 target= 28 correct=0 gate=N/A
[sample-info] i= 1943 ent=0.0005 pred= 13 target= 13 correct=1 gate=N/A
[sample-info] i= 1944 ent=0.1921 pred=  4 target=  4 correct=1 gate=N/A
[sample-info] i= 1945 ent=0.2174 pred= 23 target= 12 correct=0 gate=N/A
[sample-info] i= 1946 ent=0.3640 pred= 36 target= 12 correct=0 gate=N/A
[sample-info] i= 1947 ent=0.0150 pred= 28 target= 28 correct=1 gate=N/A
[sample-info] i= 1948 ent=0.0087 pred= 30 target= 30 correct=1 gate=N/A
[sample-info] i= 1949 ent=0.2612 pred= 28 target= 21 correct=0 gate=N/A
[sample-info] i= 1950 ent=0.2803 pred= 36 target= 36 correct=1 gate=N/A
[sample-info] i= 1951 ent=0.2020 pred= 16 target= 16 correct=1 gate=N/A
[sample-info] i= 1952 ent=0.1072 pred= 38 target= 38 correct=1 gate=N/A
[sample-info] i= 1953 ent=0.0409 pred= 12 target= 33 correct=0 gate=N/A
[sample-info] i= 1954 ent=0.0007 pred=  7 target=  7 correct=1 gate=N/A
[sample-info] i= 1955 ent=0.0087 pred= 34 target= 34 correct=1 gate=N/A
[sample-info] i= 1956 ent=0.0060 pred= 37 target= 37 correct=1 gate=N/A
[sample-info] i= 1957 ent=0.0881 pred= 29 target=  1 correct=0 gate=N/A
[sample-info] i= 1958 ent=0.0529 pred= 35 target= 35 correct=1 gate=N/A
[sample-info] i= 1959 ent=0.1252 pred= 26 target= 15 correct=0 gate=N/A
[sample-info] i= 1960 ent=0.0247 pred= 31 target= 31 correct=1 gate=N/A
[sample-info] i= 1961 ent=0.0006 pred=  0 target=  0 correct=1 gate=N/A
[sample-info] i= 1962 ent=0.2180 pred= 12 target= 32 correct=0 gate=N/A
[sample-info] i= 1963 ent=0.0032 pred= 28 target= 28 correct=1 gate=N/A
[sample-info] i= 1964 ent=0.2825 pred= 23 target= 23 correct=1 gate=N/A
[sample-info] i= 1965 ent=0.0076 pred= 30 target= 30 correct=1 gate=N/A
[sample-info] i= 1966 ent=0.3313 pred= 16 target= 21 correct=0 gate=N/A
[sample-info] i= 1967 ent=0.0509 pred=  6 target= 37 correct=0 gate=N/A
[sample-info] i= 1968 ent=0.3494 pred= 34 target=  7 correct=0 gate=N/A
[sample-info] i= 1969 ent=0.0144 pred= 22 target= 22 correct=1 gate=N/A
[sample-info] i= 1970 ent=0.1012 pred= 27 target=  2 correct=0 gate=N/A
[sample-info] i= 1971 ent=0.0029 pred=  9 target=  9 correct=1 gate=N/A
[sample-info] i= 1972 ent=0.0015 pred= 18 target= 18 correct=1 gate=N/A
[sample-info] i= 1973 ent=0.0001 pred=  0 target=  0 correct=1 gate=N/A
[sample-info] i= 1974 ent=0.0629 pred=  4 target=  4 correct=1 gate=N/A
[sample-info] i= 1975 ent=0.0086 pred= 35 target= 35 correct=1 gate=N/A
[sample-info] i= 1976 ent=0.3704 pred= 16 target= 16 correct=1 gate=N/A
[sample-info] i= 1977 ent=0.0006 pred=  5 target=  5 correct=1 gate=N/A
[sample-info] i= 1978 ent=0.0289 pred= 37 target= 37 correct=1 gate=N/A
[sample-info] i= 1979 ent=0.2448 pred= 23 target= 12 correct=0 gate=N/A
[sample-info] i= 1980 ent=0.0001 pred=  0 target=  0 correct=1 gate=N/A
[sample-info] i= 1981 ent=0.1593 pred=  8 target=  8 correct=1 gate=N/A
[sample-info] i= 1982 ent=0.1276 pred= 12 target= 29 correct=0 gate=N/A
[sample-info] i= 1983 ent=0.0024 pred= 25 target= 25 correct=1 gate=N/A
[sample-info] i= 1984 ent=0.0712 pred=  8 target=  8 correct=1 gate=N/A
[sample-info] i= 1985 ent=0.0009 pred=  5 target=  5 correct=1 gate=N/A
[sample-info] i= 1986 ent=0.0349 pred= 35 target= 35 correct=1 gate=N/A
[sample-info] i= 1987 ent=0.0431 pred= 37 target= 37 correct=1 gate=N/A
[sample-info] i= 1988 ent=0.0001 pred= 17 target= 17 correct=1 gate=N/A
[sample-info] i= 1989 ent=0.1486 pred= 12 target= 33 correct=0 gate=N/A
[sample-info] i= 1990 ent=0.1157 pred= 15 target= 26 correct=0 gate=N/A
[sample-info] i= 1991 ent=0.1461 pred= 12 target= 12 correct=1 gate=N/A
[sample-info] i= 1992 ent=0.1510 pred= 22 target= 39 correct=0 gate=N/A
[sample-info] i= 1993 ent=0.0794 pred=  4 target=  4 correct=1 gate=N/A
[sample-info] i= 1994 ent=0.3335 pred= 12 target= 21 correct=0 gate=N/A
[sample-info] i= 1995 ent=0.5742 pred= 27 target= 35 correct=0 gate=N/A
[sample-info] i= 1996 ent=0.2634 pred= 38 target= 21 correct=0 gate=N/A
[sample-info] i= 1997 ent=0.1873 pred= 16 target= 16 correct=1 gate=N/A
[sample-info] i= 1998 ent=0.0132 pred=  8 target=  8 correct=1 gate=N/A
[sample-info] i= 1999 ent=0.4995 pred= 16 target= 16 correct=1 gate=N/A
[sample-info] i= 2000 ent=0.0985 pred=  6 target=  1 correct=0 gate=N/A
---- [hier] step 2000 test acc: 78.51. ----

[sample-info] i= 2001 ent=0.1447 pred= 28 target= 28 correct=1 gate=N/A
[sample-info] i= 2002 ent=0.0064 pred=  2 target=  2 correct=1 gate=N/A
[sample-info] i= 2003 ent=0.0765 pred= 33 target= 33 correct=1 gate=N/A
[sample-info] i= 2004 ent=0.1836 pred= 36 target= 36 correct=1 gate=N/A
[sample-info] i= 2005 ent=0.1671 pred=  5 target= 37 correct=0 gate=N/A
[sample-info] i= 2006 ent=0.0631 pred=  8 target=  8 correct=1 gate=N/A
[sample-info] i= 2007 ent=0.0188 pred=  8 target=  8 correct=1 gate=N/A
[sample-info] i= 2008 ent=0.0127 pred= 37 target= 37 correct=1 gate=N/A
[sample-info] i= 2009 ent=0.0060 pred= 30 target= 30 correct=1 gate=N/A
[sample-info] i= 2010 ent=0.3113 pred= 36 target= 21 correct=0 gate=N/A
[sample-info] i= 2011 ent=0.0001 pred=  5 target=  5 correct=1 gate=N/A
[sample-info] i= 2012 ent=0.1696 pred= 30 target= 21 correct=0 gate=N/A
[sample-info] i= 2013 ent=0.3601 pred= 16 target= 36 correct=0 gate=N/A
[sample-info] i= 2014 ent=0.0000 pred=  9 target=  9 correct=1 gate=N/A
[sample-info] i= 2015 ent=0.1659 pred= 12 target= 33 correct=0 gate=N/A
[sample-info] i= 2016 ent=0.0007 pred=  7 target=  7 correct=1 gate=N/A
[sample-info] i= 2017 ent=0.0596 pred=  2 target=  2 correct=1 gate=N/A
[sample-info] i= 2018 ent=0.0374 pred= 21 target= 21 correct=1 gate=N/A
[sample-info] i= 2019 ent=0.0002 pred=  7 target=  7 correct=1 gate=N/A
[sample-info] i= 2020 ent=0.0005 pred= 17 target= 17 correct=1 gate=N/A
[sample-info] i= 2021 ent=0.1567 pred=  2 target=  2 correct=1 gate=N/A
[sample-info] i= 2022 ent=0.0035 pred= 37 target= 37 correct=1 gate=N/A
[sample-info] i= 2023 ent=0.0006 pred= 17 target= 17 correct=1 gate=N/A
[sample-info] i= 2024 ent=0.2325 pred= 16 target= 28 correct=0 gate=N/A
[sample-info] i= 2025 ent=0.2285 pred= 10 target=  8 correct=0 gate=N/A
[sample-info] i= 2026 ent=0.0018 pred= 17 target= 17 correct=1 gate=N/A
[sample-info] i= 2027 ent=0.1181 pred= 14 target= 23 correct=0 gate=N/A
[sample-info] i= 2028 ent=0.0946 pred= 28 target= 28 correct=1 gate=N/A
[sample-info] i= 2029 ent=0.0010 pred= 13 target= 13 correct=1 gate=N/A
[sample-info] i= 2030 ent=0.1036 pred= 38 target= 16 correct=0 gate=N/A
[sample-info] i= 2031 ent=0.0672 pred=  2 target=  2 correct=1 gate=N/A
[sample-info] i= 2032 ent=0.0003 pred=  0 target=  0 correct=1 gate=N/A
[sample-info] i= 2033 ent=0.1323 pred= 26 target= 15 correct=0 gate=N/A
[sample-info] i= 2034 ent=0.0751 pred=  8 target=  8 correct=1 gate=N/A
[sample-info] i= 2035 ent=0.0751 pred= 25 target=  8 correct=0 gate=N/A
[sample-info] i= 2036 ent=0.5425 pred= 16 target= 25 correct=0 gate=N/A
[sample-info] i= 2037 ent=0.0001 pred= 25 target= 25 correct=1 gate=N/A
[sample-info] i= 2038 ent=0.0266 pred= 23 target= 23 correct=1 gate=N/A
[sample-info] i= 2039 ent=0.0004 pred= 17 target= 17 correct=1 gate=N/A
[sample-info] i= 2040 ent=0.0006 pred= 18 target= 18 correct=1 gate=N/A
[sample-info] i= 2041 ent=0.1205 pred= 28 target= 28 correct=1 gate=N/A
[sample-info] i= 2042 ent=0.0001 pred= 35 target= 35 correct=1 gate=N/A
[sample-info] i= 2043 ent=0.0168 pred= 33 target= 12 correct=0 gate=N/A
[sample-info] i= 2044 ent=0.1716 pred= 23 target= 23 correct=1 gate=N/A
[sample-info] i= 2045 ent=0.0068 pred= 17 target= 17 correct=1 gate=N/A
[sample-info] i= 2046 ent=0.1610 pred=  4 target=  4 correct=1 gate=N/A
[sample-info] i= 2047 ent=0.2163 pred= 23 target= 14 correct=0 gate=N/A
[sample-info] i= 2048 ent=0.0055 pred=  7 target=  7 correct=1 gate=N/A
[sample-info] i= 2049 ent=0.0020 pred=  2 target=  2 correct=1 gate=N/A
[sample-info] i= 2050 ent=0.2695 pred= 16 target= 16 correct=1 gate=N/A
[sample-info] i= 2051 ent=0.2751 pred= 16 target= 23 correct=0 gate=N/A
[sample-info] i= 2052 ent=0.0001 pred= 11 target= 11 correct=1 gate=N/A
[sample-info] i= 2053 ent=0.0742 pred= 15 target= 26 correct=0 gate=N/A
[sample-info] i= 2054 ent=0.0001 pred= 17 target= 17 correct=1 gate=N/A
[sample-info] i= 2055 ent=0.1387 pred=  6 target= 10 correct=0 gate=N/A
[sample-info] i= 2056 ent=0.0031 pred= 35 target= 35 correct=1 gate=N/A
[sample-info] i= 2057 ent=0.0122 pred= 30 target= 30 correct=1 gate=N/A
[sample-info] i= 2058 ent=0.1343 pred=  2 target=  2 correct=1 gate=N/A
[sample-info] i= 2059 ent=0.1494 pred= 10 target= 10 correct=1 gate=N/A
[sample-info] i= 2060 ent=0.0037 pred= 11 target= 11 correct=1 gate=N/A
[sample-info] i= 2061 ent=0.0014 pred= 22 target= 22 correct=1 gate=N/A
[sample-info] i= 2062 ent=0.2012 pred= 23 target= 14 correct=0 gate=N/A
[sample-info] i= 2063 ent=0.1192 pred= 15 target= 26 correct=0 gate=N/A
[sample-info] i= 2064 ent=0.2856 pred= 36 target= 21 correct=0 gate=N/A
[sample-info] i= 2065 ent=0.0033 pred=  5 target=  5 correct=1 gate=N/A
[sample-info] i= 2066 ent=0.2693 pred= 16 target= 23 correct=0 gate=N/A
[sample-info] i= 2067 ent=0.0080 pred=  5 target=  5 correct=1 gate=N/A
[sample-info] i= 2068 ent=0.0001 pred=  0 target=  0 correct=1 gate=N/A
[sample-info] i= 2069 ent=0.1840 pred= 33 target= 33 correct=1 gate=N/A
[sample-info] i= 2070 ent=0.0368 pred= 35 target= 35 correct=1 gate=N/A
[sample-info] i= 2071 ent=0.0026 pred=  2 target=  2 correct=1 gate=N/A
[sample-info] i= 2072 ent=0.0048 pred= 21 target= 21 correct=1 gate=N/A
[sample-info] i= 2073 ent=0.2089 pred= 36 target= 36 correct=1 gate=N/A
[sample-info] i= 2074 ent=0.1190 pred= 26 target= 26 correct=1 gate=N/A
[sample-info] i= 2075 ent=0.0069 pred= 26 target= 26 correct=1 gate=N/A
[sample-info] i= 2076 ent=0.1804 pred= 16 target= 16 correct=1 gate=N/A
[sample-info] i= 2077 ent=0.0179 pred= 36 target= 36 correct=1 gate=N/A
[sample-info] i= 2078 ent=0.0056 pred= 13 target= 13 correct=1 gate=N/A
[sample-info] i= 2079 ent=0.1825 pred= 16 target= 16 correct=1 gate=N/A
[sample-info] i= 2080 ent=0.1852 pred= 38 target= 23 correct=0 gate=N/A
[sample-info] i= 2081 ent=0.0032 pred= 25 target= 25 correct=1 gate=N/A
[sample-info] i= 2082 ent=0.0283 pred= 29 target= 29 correct=1 gate=N/A
[sample-info] i= 2083 ent=0.3977 pred= 36 target= 36 correct=1 gate=N/A
[sample-info] i= 2084 ent=0.0161 pred= 25 target= 25 correct=1 gate=N/A
[sample-info] i= 2085 ent=0.0830 pred= 36 target= 36 correct=1 gate=N/A
[sample-info] i= 2086 ent=0.0432 pred= 26 target= 26 correct=1 gate=N/A
[sample-info] i= 2087 ent=0.1329 pred= 28 target= 28 correct=1 gate=N/A
[sample-info] i= 2088 ent=0.0004 pred= 35 target= 35 correct=1 gate=N/A
[sample-info] i= 2089 ent=0.0047 pred= 22 target= 22 correct=1 gate=N/A
[sample-info] i= 2090 ent=0.0003 pred= 17 target= 17 correct=1 gate=N/A
[sample-info] i= 2091 ent=0.1978 pred= 10 target= 37 correct=0 gate=N/A
[sample-info] i= 2092 ent=0.2544 pred= 12 target= 12 correct=1 gate=N/A
[sample-info] i= 2093 ent=0.0433 pred=  4 target=  4 correct=1 gate=N/A
[sample-info] i= 2094 ent=0.0001 pred=  7 target=  7 correct=1 gate=N/A
[sample-info] i= 2095 ent=0.0115 pred= 10 target= 10 correct=1 gate=N/A
[sample-info] i= 2096 ent=0.1331 pred= 36 target= 36 correct=1 gate=N/A
[sample-info] i= 2097 ent=0.0006 pred= 18 target= 18 correct=1 gate=N/A
[sample-info] i= 2098 ent=0.1941 pred= 36 target= 36 correct=1 gate=N/A
[sample-info] i= 2099 ent=0.2130 pred= 35 target= 35 correct=1 gate=N/A
[sample-info] i= 2100 ent=0.3196 pred= 12 target= 23 correct=0 gate=N/A
[sample-info] i= 2101 ent=0.0210 pred= 12 target= 12 correct=1 gate=N/A
[sample-info] i= 2102 ent=0.1085 pred= 33 target= 33 correct=1 gate=N/A
[sample-info] i= 2103 ent=0.3184 pred=  4 target=  4 correct=1 gate=N/A
[sample-info] i= 2104 ent=0.0562 pred= 36 target= 36 correct=1 gate=N/A
[sample-info] i= 2105 ent=0.0603 pred= 28 target= 28 correct=1 gate=N/A
[sample-info] i= 2106 ent=0.0091 pred= 20 target= 20 correct=1 gate=N/A
[sample-info] i= 2107 ent=0.2166 pred= 23 target=  3 correct=0 gate=N/A
[sample-info] i= 2108 ent=0.0320 pred= 30 target= 30 correct=1 gate=N/A
[sample-info] i= 2109 ent=0.0829 pred= 36 target= 36 correct=1 gate=N/A
[sample-info] i= 2110 ent=0.3467 pred= 18 target=  1 correct=0 gate=N/A
[sample-info] i= 2111 ent=0.0656 pred= 14 target= 14 correct=1 gate=N/A
[sample-info] i= 2112 ent=0.0109 pred=  7 target=  7 correct=1 gate=N/A
[sample-info] i= 2113 ent=0.0270 pred= 23 target= 23 correct=1 gate=N/A
[sample-info] i= 2114 ent=0.0002 pred= 26 target= 26 correct=1 gate=N/A
[sample-info] i= 2115 ent=0.0434 pred=  5 target=  5 correct=1 gate=N/A
[sample-info] i= 2116 ent=0.1515 pred= 12 target= 12 correct=1 gate=N/A
[sample-info] i= 2117 ent=0.0012 pred= 22 target= 22 correct=1 gate=N/A
[sample-info] i= 2118 ent=0.4690 pred= 39 target= 27 correct=0 gate=N/A
[sample-info] i= 2119 ent=0.0059 pred= 26 target= 26 correct=1 gate=N/A
[sample-info] i= 2120 ent=0.1054 pred= 30 target= 30 correct=1 gate=N/A
[sample-info] i= 2121 ent=0.0136 pred=  8 target=  8 correct=1 gate=N/A
[sample-info] i= 2122 ent=0.1165 pred= 30 target= 30 correct=1 gate=N/A
[sample-info] i= 2123 ent=0.0175 pred= 34 target= 34 correct=1 gate=N/A
[sample-info] i= 2124 ent=0.3530 pred= 21 target= 21 correct=1 gate=N/A
[sample-info] i= 2125 ent=0.0265 pred=  4 target=  4 correct=1 gate=N/A
[sample-info] i= 2126 ent=0.0005 pred= 35 target= 35 correct=1 gate=N/A
[sample-info] i= 2127 ent=0.0437 pred= 10 target= 37 correct=0 gate=N/A
[sample-info] i= 2128 ent=0.0003 pred= 17 target= 17 correct=1 gate=N/A
[sample-info] i= 2129 ent=0.0375 pred= 29 target= 29 correct=1 gate=N/A
[sample-info] i= 2130 ent=0.0274 pred=  5 target=  5 correct=1 gate=N/A
[sample-info] i= 2131 ent=0.0622 pred=  1 target=  1 correct=1 gate=N/A
[sample-info] i= 2132 ent=0.0437 pred= 35 target= 35 correct=1 gate=N/A
[sample-info] i= 2133 ent=0.0007 pred= 17 target= 17 correct=1 gate=N/A
[sample-info] i= 2134 ent=0.0217 pred= 26 target= 26 correct=1 gate=N/A
[sample-info] i= 2135 ent=0.0237 pred= 27 target= 27 correct=1 gate=N/A
[sample-info] i= 2136 ent=0.0045 pred= 25 target= 25 correct=1 gate=N/A
[sample-info] i= 2137 ent=0.0195 pred=  1 target=  1 correct=1 gate=N/A
[sample-info] i= 2138 ent=0.1628 pred= 28 target= 28 correct=1 gate=N/A
[sample-info] i= 2139 ent=0.0001 pred=  0 target=  0 correct=1 gate=N/A
[sample-info] i= 2140 ent=0.0001 pred=  0 target=  0 correct=1 gate=N/A
[sample-info] i= 2141 ent=0.0848 pred= 35 target= 35 correct=1 gate=N/A
[sample-info] i= 2142 ent=0.0193 pred= 37 target= 37 correct=1 gate=N/A
[sample-info] i= 2143 ent=0.0471 pred= 10 target= 10 correct=1 gate=N/A
[sample-info] i= 2144 ent=0.1097 pred= 11 target= 11 correct=1 gate=N/A
[sample-info] i= 2145 ent=0.0562 pred= 28 target= 28 correct=1 gate=N/A
[sample-info] i= 2146 ent=0.3083 pred= 14 target= 21 correct=0 gate=N/A
[sample-info] i= 2147 ent=0.0224 pred= 37 target= 37 correct=1 gate=N/A
[sample-info] i= 2148 ent=0.0856 pred=  4 target=  4 correct=1 gate=N/A
[sample-info] i= 2149 ent=0.0005 pred= 20 target= 20 correct=1 gate=N/A
[sample-info] i= 2150 ent=0.1364 pred= 26 target= 26 correct=1 gate=N/A
[sample-info] i= 2151 ent=0.2742 pred= 21 target= 21 correct=1 gate=N/A
[sample-info] i= 2152 ent=0.1521 pred=  2 target=  2 correct=1 gate=N/A
[sample-info] i= 2153 ent=0.0031 pred=  2 target=  2 correct=1 gate=N/A
[sample-info] i= 2154 ent=0.3098 pred= 38 target= 21 correct=0 gate=N/A
[sample-info] i= 2155 ent=0.0044 pred=  3 target=  3 correct=1 gate=N/A
[sample-info] i= 2156 ent=0.1483 pred= 28 target= 28 correct=1 gate=N/A
[sample-info] i= 2157 ent=0.0851 pred=  4 target=  4 correct=1 gate=N/A
[sample-info] i= 2158 ent=0.0001 pred=  7 target=  7 correct=1 gate=N/A
[sample-info] i= 2159 ent=0.1423 pred= 13 target= 38 correct=0 gate=N/A
[sample-info] i= 2160 ent=0.0509 pred=  4 target=  4 correct=1 gate=N/A
[sample-info] i= 2161 ent=0.0027 pred= 28 target= 28 correct=1 gate=N/A
[sample-info] i= 2162 ent=0.1235 pred= 23 target= 36 correct=0 gate=N/A
[sample-info] i= 2163 ent=0.0039 pred=  8 target=  8 correct=1 gate=N/A
[sample-info] i= 2164 ent=0.0577 pred= 27 target= 27 correct=1 gate=N/A
[sample-info] i= 2165 ent=0.1356 pred= 23 target= 14 correct=0 gate=N/A
[sample-info] i= 2166 ent=0.0063 pred= 25 target= 25 correct=1 gate=N/A
[sample-info] i= 2167 ent=0.1373 pred= 17 target= 17 correct=1 gate=N/A
[sample-info] i= 2168 ent=0.0045 pred=  5 target=  5 correct=1 gate=N/A
[sample-info] i= 2169 ent=0.1198 pred= 12 target= 33 correct=0 gate=N/A
[sample-info] i= 2170 ent=0.0908 pred=  2 target=  2 correct=1 gate=N/A
[sample-info] i= 2171 ent=0.0002 pred=  5 target=  5 correct=1 gate=N/A
[sample-info] i= 2172 ent=0.0004 pred=  0 target=  0 correct=1 gate=N/A
[sample-info] i= 2173 ent=0.1373 pred= 33 target= 33 correct=1 gate=N/A
[sample-info] i= 2174 ent=0.0006 pred=  7 target=  7 correct=1 gate=N/A
[sample-info] i= 2175 ent=0.3787 pred= 38 target= 38 correct=1 gate=N/A
[sample-info] i= 2176 ent=0.1030 pred= 30 target= 30 correct=1 gate=N/A
[sample-info] i= 2177 ent=0.0090 pred= 22 target= 22 correct=1 gate=N/A
[sample-info] i= 2178 ent=0.1422 pred= 16 target= 16 correct=1 gate=N/A
[sample-info] i= 2179 ent=0.0404 pred= 38 target= 14 correct=0 gate=N/A
[sample-info] i= 2180 ent=0.0089 pred=  8 target=  8 correct=1 gate=N/A
[sample-info] i= 2181 ent=0.4023 pred= 11 target= 37 correct=0 gate=N/A
[sample-info] i= 2182 ent=0.0001 pred= 25 target= 25 correct=1 gate=N/A
[sample-info] i= 2183 ent=0.2612 pred= 35 target= 35 correct=1 gate=N/A
[sample-info] i= 2184 ent=0.0983 pred=  4 target=  4 correct=1 gate=N/A
[sample-info] i= 2185 ent=0.0415 pred= 14 target= 14 correct=1 gate=N/A
[sample-info] i= 2186 ent=0.0022 pred=  1 target=  1 correct=1 gate=N/A
[sample-info] i= 2187 ent=0.0071 pred= 33 target= 33 correct=1 gate=N/A
[sample-info] i= 2188 ent=0.0325 pred= 30 target= 30 correct=1 gate=N/A
[sample-info] i= 2189 ent=0.1554 pred= 28 target= 28 correct=1 gate=N/A
[sample-info] i= 2190 ent=0.0000 pred= 25 target= 25 correct=1 gate=N/A
[sample-info] i= 2191 ent=0.1479 pred=  2 target=  2 correct=1 gate=N/A
[sample-info] i= 2192 ent=0.1223 pred= 38 target= 16 correct=0 gate=N/A
[sample-info] i= 2193 ent=0.2037 pred= 31 target= 31 correct=1 gate=N/A
[sample-info] i= 2194 ent=0.0001 pred=  0 target=  0 correct=1 gate=N/A
[sample-info] i= 2195 ent=0.1705 pred= 36 target= 36 correct=1 gate=N/A
[sample-info] i= 2196 ent=0.0543 pred=  4 target=  4 correct=1 gate=N/A
[sample-info] i= 2197 ent=0.1689 pred= 23 target= 23 correct=1 gate=N/A
[sample-info] i= 2198 ent=0.1411 pred= 23 target= 23 correct=1 gate=N/A
[sample-info] i= 2199 ent=0.0002 pred= 35 target= 35 correct=1 gate=N/A
[sample-info] i= 2200 ent=0.0393 pred=  7 target=  7 correct=1 gate=N/A
[sample-info] i= 2201 ent=0.1812 pred= 36 target= 21 correct=0 gate=N/A
[sample-info] i= 2202 ent=0.0235 pred=  8 target=  8 correct=1 gate=N/A
[sample-info] i= 2203 ent=0.2046 pred= 36 target= 36 correct=1 gate=N/A
[sample-info] i= 2204 ent=0.0797 pred= 20 target= 20 correct=1 gate=N/A
[sample-info] i= 2205 ent=0.3586 pred=  4 target= 36 correct=0 gate=N/A
[sample-info] i= 2206 ent=0.1851 pred= 28 target= 28 correct=1 gate=N/A
[sample-info] i= 2207 ent=0.0393 pred= 22 target= 22 correct=1 gate=N/A
[sample-info] i= 2208 ent=0.0165 pred= 37 target= 37 correct=1 gate=N/A
[sample-info] i= 2209 ent=0.0022 pred=  2 target=  2 correct=1 gate=N/A
[sample-info] i= 2210 ent=0.0731 pred= 37 target= 37 correct=1 gate=N/A
[sample-info] i= 2211 ent=0.0003 pred=  2 target=  2 correct=1 gate=N/A
[sample-info] i= 2212 ent=0.0127 pred= 22 target= 22 correct=1 gate=N/A
[sample-info] i= 2213 ent=0.0055 pred= 22 target= 22 correct=1 gate=N/A
[sample-info] i= 2214 ent=0.0875 pred= 33 target= 33 correct=1 gate=N/A
[sample-info] i= 2215 ent=0.0215 pred= 12 target= 12 correct=1 gate=N/A
[sample-info] i= 2216 ent=0.2444 pred= 14 target= 14 correct=1 gate=N/A
[sample-info] i= 2217 ent=0.0017 pred= 11 target= 11 correct=1 gate=N/A
[sample-info] i= 2218 ent=0.0245 pred= 23 target= 23 correct=1 gate=N/A
[sample-info] i= 2219 ent=0.0227 pred= 37 target= 37 correct=1 gate=N/A
[sample-info] i= 2220 ent=0.0263 pred= 30 target= 30 correct=1 gate=N/A
[sample-info] i= 2221 ent=0.0671 pred= 25 target= 25 correct=1 gate=N/A
[sample-info] i= 2222 ent=0.2048 pred= 12 target= 12 correct=1 gate=N/A
[sample-info] i= 2223 ent=0.0003 pred= 25 target= 25 correct=1 gate=N/A
[sample-info] i= 2224 ent=0.0350 pred= 12 target= 12 correct=1 gate=N/A
[sample-info] i= 2225 ent=0.0046 pred=  8 target=  8 correct=1 gate=N/A
[sample-info] i= 2226 ent=0.3918 pred= 38 target= 14 correct=0 gate=N/A
[sample-info] i= 2227 ent=0.0100 pred= 22 target= 22 correct=1 gate=N/A
[sample-info] i= 2228 ent=0.0891 pred=  8 target=  8 correct=1 gate=N/A
[sample-info] i= 2229 ent=0.3857 pred= 16 target= 12 correct=0 gate=N/A
[sample-info] i= 2230 ent=0.0008 pred= 26 target= 26 correct=1 gate=N/A
[sample-info] i= 2231 ent=0.0252 pred= 25 target= 25 correct=1 gate=N/A
[sample-info] i= 2232 ent=0.2976 pred= 32 target= 23 correct=0 gate=N/A
[sample-info] i= 2233 ent=0.0064 pred= 28 target= 28 correct=1 gate=N/A
[sample-info] i= 2234 ent=0.1571 pred= 28 target= 28 correct=1 gate=N/A
[sample-info] i= 2235 ent=0.0375 pred=  2 target=  2 correct=1 gate=N/A
[sample-info] i= 2236 ent=0.3071 pred= 12 target= 23 correct=0 gate=N/A
[sample-info] i= 2237 ent=0.0741 pred= 26 target= 26 correct=1 gate=N/A
[sample-info] i= 2238 ent=0.0334 pred=  2 target=  2 correct=1 gate=N/A
[sample-info] i= 2239 ent=0.2805 pred= 38 target= 39 correct=0 gate=N/A
[sample-info] i= 2240 ent=0.0172 pred=  8 target=  8 correct=1 gate=N/A
[sample-info] i= 2241 ent=0.2115 pred= 12 target= 33 correct=0 gate=N/A
[sample-info] i= 2242 ent=0.0062 pred= 24 target= 24 correct=1 gate=N/A
[sample-info] i= 2243 ent=0.0339 pred= 36 target= 36 correct=1 gate=N/A
[sample-info] i= 2244 ent=0.0006 pred= 25 target= 25 correct=1 gate=N/A
[sample-info] i= 2245 ent=0.0036 pred=  2 target=  2 correct=1 gate=N/A
[sample-info] i= 2246 ent=0.0559 pred= 18 target= 18 correct=1 gate=N/A
[sample-info] i= 2247 ent=0.2942 pred= 16 target= 21 correct=0 gate=N/A
[sample-info] i= 2248 ent=0.0002 pred= 17 target= 17 correct=1 gate=N/A
[sample-info] i= 2249 ent=0.3086 pred= 23 target= 36 correct=0 gate=N/A
[sample-info] i= 2250 ent=0.2236 pred= 12 target= 12 correct=1 gate=N/A
[sample-info] i= 2251 ent=0.2360 pred= 14 target=  4 correct=0 gate=N/A
[sample-info] i= 2252 ent=0.0030 pred= 25 target= 25 correct=1 gate=N/A
[sample-info] i= 2253 ent=0.0001 pred=  0 target=  0 correct=1 gate=N/A
[sample-info] i= 2254 ent=0.0017 pred=  2 target=  2 correct=1 gate=N/A
[sample-info] i= 2255 ent=0.3093 pred= 23 target= 21 correct=0 gate=N/A
[sample-info] i= 2256 ent=0.2612 pred= 16 target= 16 correct=1 gate=N/A
[sample-info] i= 2257 ent=0.2854 pred= 36 target= 23 correct=0 gate=N/A
[sample-info] i= 2258 ent=0.0008 pred= 22 target= 22 correct=1 gate=N/A
[sample-info] i= 2259 ent=0.2462 pred= 23 target= 21 correct=0 gate=N/A
[sample-info] i= 2260 ent=0.1285 pred= 26 target= 26 correct=1 gate=N/A
[sample-info] i= 2261 ent=0.3604 pred= 21 target= 21 correct=1 gate=N/A
[sample-info] i= 2262 ent=0.0001 pred=  5 target=  5 correct=1 gate=N/A
[sample-info] i= 2263 ent=0.1140 pred= 30 target= 30 correct=1 gate=N/A
[sample-info] i= 2264 ent=0.0148 pred= 11 target= 11 correct=1 gate=N/A
[sample-info] i= 2265 ent=0.0060 pred=  2 target=  2 correct=1 gate=N/A
[sample-info] i= 2266 ent=0.0003 pred=  0 target=  0 correct=1 gate=N/A
[sample-info] i= 2267 ent=0.2400 pred= 12 target= 12 correct=1 gate=N/A
[sample-info] i= 2268 ent=0.0001 pred=  0 target=  0 correct=1 gate=N/A
[sample-info] i= 2269 ent=0.0812 pred=  8 target=  8 correct=1 gate=N/A
[sample-info] i= 2270 ent=0.1185 pred= 12 target= 12 correct=1 gate=N/A
[sample-info] i= 2271 ent=0.0573 pred= 33 target= 33 correct=1 gate=N/A
[sample-info] i= 2272 ent=0.0002 pred=  5 target=  5 correct=1 gate=N/A
[sample-info] i= 2273 ent=0.1592 pred= 10 target=  5 correct=0 gate=N/A
[sample-info] i= 2274 ent=0.0004 pred= 26 target= 26 correct=1 gate=N/A
[sample-info] i= 2275 ent=0.1801 pred=  4 target= 36 correct=0 gate=N/A
[sample-info] i= 2276 ent=0.0411 pred= 26 target= 26 correct=1 gate=N/A
[sample-info] i= 2277 ent=0.0086 pred=  7 target=  7 correct=1 gate=N/A
[sample-info] i= 2278 ent=0.1399 pred= 28 target= 28 correct=1 gate=N/A
[sample-info] i= 2279 ent=0.2269 pred=  3 target= 33 correct=0 gate=N/A
[sample-info] i= 2280 ent=0.0012 pred= 35 target= 35 correct=1 gate=N/A
[sample-info] i= 2281 ent=0.0007 pred= 22 target= 22 correct=1 gate=N/A
[sample-info] i= 2282 ent=0.0466 pred= 14 target= 14 correct=1 gate=N/A
[sample-info] i= 2283 ent=0.1512 pred= 26 target= 26 correct=1 gate=N/A
[sample-info] i= 2284 ent=0.1310 pred= 37 target= 26 correct=0 gate=N/A
[sample-info] i= 2285 ent=0.1355 pred= 36 target= 14 correct=0 gate=N/A
[sample-info] i= 2286 ent=0.0010 pred= 25 target= 25 correct=1 gate=N/A
[sample-info] i= 2287 ent=0.0008 pred= 19 target= 19 correct=1 gate=N/A
[sample-info] i= 2288 ent=0.0002 pred= 17 target= 17 correct=1 gate=N/A
[sample-info] i= 2289 ent=0.0060 pred=  7 target=  7 correct=1 gate=N/A
[sample-info] i= 2290 ent=0.2081 pred= 39 target= 27 correct=0 gate=N/A
[sample-info] i= 2291 ent=0.0286 pred=  6 target= 37 correct=0 gate=N/A
[sample-info] i= 2292 ent=0.0001 pred=  0 target=  0 correct=1 gate=N/A
[sample-info] i= 2293 ent=0.0003 pred= 17 target= 17 correct=1 gate=N/A
[sample-info] i= 2294 ent=0.0037 pred= 22 target= 22 correct=1 gate=N/A
[sample-info] i= 2295 ent=0.0055 pred=  2 target=  2 correct=1 gate=N/A
[sample-info] i= 2296 ent=0.2803 pred= 16 target= 16 correct=1 gate=N/A
[sample-info] i= 2297 ent=0.2041 pred= 28 target= 28 correct=1 gate=N/A
[sample-info] i= 2298 ent=0.1432 pred= 12 target= 33 correct=0 gate=N/A
[sample-info] i= 2299 ent=0.1321 pred= 26 target= 15 correct=0 gate=N/A
[sample-info] i= 2300 ent=0.1183 pred= 16 target= 36 correct=0 gate=N/A
[sample-info] i= 2301 ent=0.2676 pred= 21 target= 21 correct=1 gate=N/A
[sample-info] i= 2302 ent=0.0003 pred=  0 target=  0 correct=1 gate=N/A
[sample-info] i= 2303 ent=0.0435 pred=  2 target=  2 correct=1 gate=N/A
[sample-info] i= 2304 ent=0.3989 pred= 13 target= 14 correct=0 gate=N/A
[sample-info] i= 2305 ent=0.2661 pred= 36 target= 36 correct=1 gate=N/A
[sample-info] i= 2306 ent=0.2002 pred= 16 target= 16 correct=1 gate=N/A
[sample-info] i= 2307 ent=0.0485 pred= 28 target= 28 correct=1 gate=N/A
[sample-info] i= 2308 ent=0.1224 pred=  3 target= 30 correct=0 gate=N/A
[sample-info] i= 2309 ent=0.1256 pred= 14 target= 23 correct=0 gate=N/A
[sample-info] i= 2310 ent=0.0037 pred= 22 target= 22 correct=1 gate=N/A
[sample-info] i= 2311 ent=0.0001 pred= 27 target= 27 correct=1 gate=N/A
[sample-info] i= 2312 ent=0.0035 pred=  6 target=  6 correct=1 gate=N/A
[sample-info] i= 2313 ent=0.0038 pred= 19 target= 19 correct=1 gate=N/A
[sample-info] i= 2314 ent=0.3125 pred=  2 target= 25 correct=0 gate=N/A
[sample-info] i= 2315 ent=0.0026 pred= 35 target= 35 correct=1 gate=N/A
[sample-info] i= 2316 ent=0.0856 pred= 23 target= 14 correct=0 gate=N/A
[sample-info] i= 2317 ent=0.2200 pred= 23 target= 14 correct=0 gate=N/A
[sample-info] i= 2318 ent=0.2426 pred= 20 target= 20 correct=1 gate=N/A
[sample-info] i= 2319 ent=0.0923 pred= 12 target= 12 correct=1 gate=N/A
[sample-info] i= 2320 ent=0.0024 pred=  5 target=  5 correct=1 gate=N/A
[sample-info] i= 2321 ent=0.0065 pred= 11 target= 11 correct=1 gate=N/A
[sample-info] i= 2322 ent=0.0031 pred= 22 target= 22 correct=1 gate=N/A
[sample-info] i= 2323 ent=0.1343 pred= 36 target= 36 correct=1 gate=N/A
[sample-info] i= 2324 ent=0.0335 pred= 12 target= 12 correct=1 gate=N/A
[sample-info] i= 2325 ent=0.0822 pred= 15 target= 26 correct=0 gate=N/A
[sample-info] i= 2326 ent=0.1852 pred= 10 target= 10 correct=1 gate=N/A
[sample-info] i= 2327 ent=0.2283 pred= 10 target= 10 correct=1 gate=N/A
[sample-info] i= 2328 ent=0.2061 pred= 20 target= 20 correct=1 gate=N/A
[sample-info] i= 2329 ent=0.0356 pred=  4 target=  4 correct=1 gate=N/A
[sample-info] i= 2330 ent=0.0678 pred= 29 target=  1 correct=0 gate=N/A
[sample-info] i= 2331 ent=0.1716 pred= 23 target= 14 correct=0 gate=N/A
[sample-info] i= 2332 ent=0.0001 pred= 17 target= 17 correct=1 gate=N/A
[sample-info] i= 2333 ent=0.1292 pred= 12 target= 12 correct=1 gate=N/A
[sample-info] i= 2334 ent=0.0008 pred=  7 target=  7 correct=1 gate=N/A
[sample-info] i= 2335 ent=0.3977 pred= 38 target= 38 correct=1 gate=N/A
[sample-info] i= 2336 ent=0.1443 pred=  3 target=  2 correct=0 gate=N/A
[sample-info] i= 2337 ent=0.2903 pred= 21 target= 21 correct=1 gate=N/A
[sample-info] i= 2338 ent=0.0036 pred=  6 target=  6 correct=1 gate=N/A
[sample-info] i= 2339 ent=0.0039 pred= 26 target= 26 correct=1 gate=N/A
[sample-info] i= 2340 ent=0.1691 pred= 38 target= 12 correct=0 gate=N/A
[sample-info] i= 2341 ent=0.0518 pred= 37 target= 37 correct=1 gate=N/A
[sample-info] i= 2342 ent=0.1989 pred= 10 target= 10 correct=1 gate=N/A
[sample-info] i= 2343 ent=0.1122 pred= 30 target=  2 correct=0 gate=N/A
[sample-info] i= 2344 ent=0.0793 pred=  1 target=  1 correct=1 gate=N/A
[sample-info] i= 2345 ent=0.0617 pred= 22 target= 22 correct=1 gate=N/A
[sample-info] i= 2346 ent=0.0190 pred= 10 target= 10 correct=1 gate=N/A
[sample-info] i= 2347 ent=0.0065 pred=  2 target=  2 correct=1 gate=N/A
[sample-info] i= 2348 ent=0.0103 pred= 18 target= 18 correct=1 gate=N/A
[sample-info] i= 2349 ent=0.0028 pred=  2 target=  2 correct=1 gate=N/A
[sample-info] i= 2350 ent=0.0236 pred=  4 target=  4 correct=1 gate=N/A
[sample-info] i= 2351 ent=0.0001 pred=  0 target=  0 correct=1 gate=N/A
[sample-info] i= 2352 ent=0.0014 pred=  2 target=  2 correct=1 gate=N/A
[sample-info] i= 2353 ent=0.0010 pred= 25 target= 25 correct=1 gate=N/A
[sample-info] i= 2354 ent=0.2517 pred= 22 target= 39 correct=0 gate=N/A
[sample-info] i= 2355 ent=0.0001 pred=  5 target=  5 correct=1 gate=N/A
[sample-info] i= 2356 ent=0.0024 pred= 35 target= 35 correct=1 gate=N/A
[sample-info] i= 2357 ent=0.3521 pred= 16 target= 16 correct=1 gate=N/A
[sample-info] i= 2358 ent=0.0003 pred= 17 target= 17 correct=1 gate=N/A
[sample-info] i= 2359 ent=0.0877 pred= 33 target= 33 correct=1 gate=N/A
[sample-info] i= 2360 ent=0.1218 pred= 33 target= 33 correct=1 gate=N/A
[sample-info] i= 2361 ent=0.4377 pred= 36 target= 27 correct=0 gate=N/A
[sample-info] i= 2362 ent=0.2488 pred= 36 target= 21 correct=0 gate=N/A
[sample-info] i= 2363 ent=0.0023 pred= 22 target= 22 correct=1 gate=N/A
[sample-info] i= 2364 ent=0.3120 pred= 21 target= 35 correct=0 gate=N/A
[sample-info] i= 2365 ent=0.2476 pred=  6 target= 37 correct=0 gate=N/A
[sample-info] i= 2366 ent=0.0659 pred= 26 target= 26 correct=1 gate=N/A
[sample-info] i= 2367 ent=0.0211 pred=  4 target=  4 correct=1 gate=N/A
[sample-info] i= 2368 ent=0.0698 pred= 14 target= 23 correct=0 gate=N/A
[sample-info] i= 2369 ent=0.1216 pred= 29 target=  1 correct=0 gate=N/A
[sample-info] i= 2370 ent=0.2378 pred= 36 target= 36 correct=1 gate=N/A
[sample-info] i= 2371 ent=0.0019 pred= 30 target= 30 correct=1 gate=N/A
[sample-info] i= 2372 ent=0.0494 pred=  4 target=  4 correct=1 gate=N/A
[sample-info] i= 2373 ent=0.0012 pred=  0 target=  0 correct=1 gate=N/A
[sample-info] i= 2374 ent=0.1270 pred= 33 target= 33 correct=1 gate=N/A
[sample-info] i= 2375 ent=0.0086 pred= 25 target= 25 correct=1 gate=N/A
[sample-info] i= 2376 ent=0.1490 pred= 12 target= 33 correct=0 gate=N/A
[sample-info] i= 2377 ent=0.1379 pred= 15 target= 26 correct=0 gate=N/A
[sample-info] i= 2378 ent=0.1598 pred=  4 target=  4 correct=1 gate=N/A
[sample-info] i= 2379 ent=0.5547 pred= 23 target= 16 correct=0 gate=N/A
[sample-info] i= 2380 ent=0.0172 pred= 22 target= 22 correct=1 gate=N/A
[sample-info] i= 2381 ent=0.0003 pred=  7 target=  7 correct=1 gate=N/A
[sample-info] i= 2382 ent=0.0002 pred= 35 target= 35 correct=1 gate=N/A
[sample-info] i= 2383 ent=0.1019 pred= 37 target= 37 correct=1 gate=N/A
[sample-info] i= 2384 ent=0.2803 pred= 23 target= 36 correct=0 gate=N/A
[sample-info] i= 2385 ent=0.3003 pred= 28 target= 37 correct=0 gate=N/A
[sample-info] i= 2386 ent=0.0003 pred= 17 target= 17 correct=1 gate=N/A
[sample-info] i= 2387 ent=0.0649 pred= 23 target= 14 correct=0 gate=N/A
[sample-info] i= 2388 ent=0.0508 pred=  3 target=  3 correct=1 gate=N/A
[sample-info] i= 2389 ent=0.1232 pred= 33 target= 23 correct=0 gate=N/A
[sample-info] i= 2390 ent=0.1721 pred= 14 target= 14 correct=1 gate=N/A
[sample-info] i= 2391 ent=0.0287 pred= 16 target= 16 correct=1 gate=N/A
[sample-info] i= 2392 ent=0.0002 pred= 13 target= 13 correct=1 gate=N/A
[sample-info] i= 2393 ent=0.1443 pred=  4 target= 36 correct=0 gate=N/A
[sample-info] i= 2394 ent=0.0492 pred= 17 target= 17 correct=1 gate=N/A
[sample-info] i= 2395 ent=0.1570 pred= 37 target= 15 correct=0 gate=N/A
[sample-info] i= 2396 ent=0.0134 pred= 33 target= 33 correct=1 gate=N/A
[sample-info] i= 2397 ent=0.1793 pred= 23 target= 23 correct=1 gate=N/A
[sample-info] i= 2398 ent=0.1067 pred= 22 target= 22 correct=1 gate=N/A
[sample-info] i= 2399 ent=0.0001 pred=  0 target=  0 correct=1 gate=N/A
[sample-info] i= 2400 ent=0.2864 pred= 13 target= 11 correct=0 gate=N/A
[sample-info] i= 2401 ent=0.1691 pred= 23 target= 12 correct=0 gate=N/A
[sample-info] i= 2402 ent=0.0010 pred= 34 target= 34 correct=1 gate=N/A
[sample-info] i= 2403 ent=0.2042 pred= 30 target= 30 correct=1 gate=N/A
[sample-info] i= 2404 ent=0.1516 pred= 14 target= 38 correct=0 gate=N/A
[sample-info] i= 2405 ent=0.0368 pred= 30 target= 30 correct=1 gate=N/A
[sample-info] i= 2406 ent=0.0003 pred=  0 target=  0 correct=1 gate=N/A
[sample-info] i= 2407 ent=0.0053 pred= 28 target= 28 correct=1 gate=N/A
[sample-info] i= 2408 ent=0.0380 pred=  8 target=  8 correct=1 gate=N/A
[sample-info] i= 2409 ent=0.0329 pred=  4 target=  4 correct=1 gate=N/A
[sample-info] i= 2410 ent=0.0845 pred= 23 target= 23 correct=1 gate=N/A
[sample-info] i= 2411 ent=0.0329 pred= 26 target= 26 correct=1 gate=N/A
[sample-info] i= 2412 ent=0.1487 pred= 15 target= 26 correct=0 gate=N/A
[sample-info] i= 2413 ent=0.1995 pred= 11 target= 13 correct=0 gate=N/A
[sample-info] i= 2414 ent=0.1317 pred= 35 target= 35 correct=1 gate=N/A
[sample-info] i= 2415 ent=0.0409 pred= 17 target= 17 correct=1 gate=N/A
[sample-info] i= 2416 ent=0.0008 pred=  7 target=  7 correct=1 gate=N/A
[sample-info] i= 2417 ent=0.1915 pred= 26 target= 26 correct=1 gate=N/A
[sample-info] i= 2418 ent=0.0018 pred=  7 target=  7 correct=1 gate=N/A
[sample-info] i= 2419 ent=0.1584 pred= 11 target= 21 correct=0 gate=N/A
[sample-info] i= 2420 ent=0.2625 pred=  6 target=  1 correct=0 gate=N/A
[sample-info] i= 2421 ent=0.3953 pred= 21 target= 21 correct=1 gate=N/A
[sample-info] i= 2422 ent=0.0030 pred=  5 target=  5 correct=1 gate=N/A
[sample-info] i= 2423 ent=0.0465 pred= 37 target= 37 correct=1 gate=N/A
[sample-info] i= 2424 ent=0.1432 pred= 38 target= 14 correct=0 gate=N/A
[sample-info] i= 2425 ent=0.0718 pred= 28 target= 28 correct=1 gate=N/A
[sample-info] i= 2426 ent=0.4907 pred=  6 target= 15 correct=0 gate=N/A
[sample-info] i= 2427 ent=0.0297 pred= 25 target= 25 correct=1 gate=N/A
[sample-info] i= 2428 ent=0.0435 pred=  5 target=  5 correct=1 gate=N/A
[sample-info] i= 2429 ent=0.2883 pred= 12 target= 12 correct=1 gate=N/A
[sample-info] i= 2430 ent=0.0013 pred= 31 target= 31 correct=1 gate=N/A
[sample-info] i= 2431 ent=0.1345 pred= 38 target= 23 correct=0 gate=N/A
[sample-info] i= 2432 ent=0.0037 pred=  2 target=  2 correct=1 gate=N/A
[sample-info] i= 2433 ent=0.1365 pred= 28 target= 28 correct=1 gate=N/A
[sample-info] i= 2434 ent=0.0013 pred=  2 target=  2 correct=1 gate=N/A
[sample-info] i= 2435 ent=0.0967 pred= 38 target= 14 correct=0 gate=N/A
[sample-info] i= 2436 ent=0.3018 pred= 38 target= 36 correct=0 gate=N/A
[sample-info] i= 2437 ent=0.2703 pred= 23 target= 21 correct=0 gate=N/A
[sample-info] i= 2438 ent=0.1423 pred= 22 target= 22 correct=1 gate=N/A
[sample-info] i= 2439 ent=0.1376 pred= 29 target=  1 correct=0 gate=N/A
[sample-info] i= 2440 ent=0.1627 pred= 12 target= 12 correct=1 gate=N/A
[sample-info] i= 2441 ent=0.0120 pred= 17 target= 17 correct=1 gate=N/A
[sample-info] i= 2442 ent=0.2195 pred= 21 target= 21 correct=1 gate=N/A
[sample-info] i= 2443 ent=0.1305 pred= 28 target= 28 correct=1 gate=N/A
[sample-info] i= 2444 ent=0.2224 pred= 16 target= 16 correct=1 gate=N/A
[sample-info] i= 2445 ent=0.2998 pred= 16 target= 29 correct=0 gate=N/A
[sample-info] i= 2446 ent=0.1346 pred= 38 target=  4 correct=0 gate=N/A
[sample-info] i= 2447 ent=0.0030 pred= 31 target= 31 correct=1 gate=N/A
[sample-info] i= 2448 ent=0.3062 pred= 16 target= 16 correct=1 gate=N/A
[sample-info] i= 2449 ent=0.0002 pred=  9 target=  9 correct=1 gate=N/A
[sample-info] i= 2450 ent=0.2791 pred= 21 target= 28 correct=0 gate=N/A
[sample-info] i= 2451 ent=0.0021 pred=  2 target=  2 correct=1 gate=N/A
[sample-info] i= 2452 ent=0.0123 pred= 27 target= 27 correct=1 gate=N/A
[sample-info] i= 2453 ent=0.0005 pred= 22 target= 22 correct=1 gate=N/A
[sample-info] i= 2454 ent=0.1342 pred= 15 target= 26 correct=0 gate=N/A
[sample-info] i= 2455 ent=0.0140 pred=  2 target=  2 correct=1 gate=N/A
[sample-info] i= 2456 ent=0.2152 pred=  7 target=  7 correct=1 gate=N/A
[sample-info] i= 2457 ent=0.0310 pred=  6 target= 37 correct=0 gate=N/A
[sample-info] i= 2458 ent=0.0042 pred= 28 target= 28 correct=1 gate=N/A
[sample-info] i= 2459 ent=0.0002 pred= 25 target= 25 correct=1 gate=N/A
[sample-info] i= 2460 ent=0.0064 pred= 22 target= 22 correct=1 gate=N/A
[sample-info] i= 2461 ent=0.0002 pred= 29 target= 29 correct=1 gate=N/A
[sample-info] i= 2462 ent=0.0001 pred=  0 target=  0 correct=1 gate=N/A
[sample-info] i= 2463 ent=0.1527 pred= 12 target= 12 correct=1 gate=N/A
[sample-info] i= 2464 ent=0.0393 pred= 23 target= 14 correct=0 gate=N/A
[sample-info] i= 2465 ent=0.0012 pred= 22 target= 22 correct=1 gate=N/A
[sample-info] i= 2466 ent=0.1272 pred= 28 target= 28 correct=1 gate=N/A
[sample-info] i= 2467 ent=0.0001 pred=  0 target=  0 correct=1 gate=N/A
---- ***Final*** [hier] test accuracy: 78.16. ----

wandb: 
wandb: Run history:
wandb: Averaged test accuracy ▅▁▇██▆▆▆▆▆▆▆▆▆▆▆▆▅▅▆▆▅▆▆▅▅▅▅▅▅▅▅▅▅▅▅▅▅▅▅
wandb:             modelnet_c ▁
wandb: 
wandb: Run summary:
wandb: Averaged test accuracy 78.16045
wandb:             modelnet_c 78.16045
wandb: 
wandb: You can sync this run to the cloud by running:
wandb: wandb sync /root/autodl-tmp/MCM-PC/Point-Cache/wandb/offline-run-20260511_152416-s2dm08ya
wandb: Find logs at: ./wandb/offline-run-20260511_152416-s2dm08ya/logs
